796.72,-0.00042451,0.0002509
796.82,-0.00042451,0.0002509
796.91,-0.00042451,0.0002509
797.01,-0.00042451,0.0002509
797.12,-0.00042451,0.0002509
797.22,-0.00042451,0.0002509
797.32,-0.00042451,0.0002509
797.41,-0.00042451,0.0002509
797.51,-0.00042451,0.0002509
797.62,-0.00042451,0.0002509
797.72,-0.00042451,0.0002509
797.82,-0.00042451,0.0002509
797.91,-0.00042451,0.0002509
798.01,-0.00042451,0.0002509
798.12,-0.00042451,0.0002509
798.22,-0.00042451,0.0002509
798.32,-0.00042451,0.0002509
798.41,-0.00042451,0.0002509
798.51,-0.00042451,0.00025091
798.62,-0.00042451,0.00025091
798.72,-0.00042451,0.00025091
798.82,0.10545,0.17079
798.91,0.21047,0.063093
799.01,0.29176,-0.011851
799.12,0.29842,-0.00090155
799.22,0.29795,-0.0030848
799.32,0.29793,-0.0029896
799.41,0.29791,-0.0029451
799.51,0.2979,-0.0029298
799.62,0.2979,-0.0029387
799.72,0.29781,-0.0012715
799.82,0.29839,-5.7949e-05
799.91,0.29843,-0.00012996
800.01,0.30159,0.23622
800.12,0.30367,0.24516
800.22,0.22189,0.58307
800.32,0.16474,0.14713
800.41,0.13241,0.067241
800.51,0.10512,0.15638
800.62,0.19648,-0.28341
800.72,0.2947,-0.0093966
800.82,0.30075,-0.00055769
800.91,0.30105,-7.7406e-05
801.01,0.30106,-4.9152e-05
801.12,0.30107,-5.7549e-05
801.22,0.30107,-8.2757e-05
801.32,0.30108,-0.00012404
801.41,0.3011,-0.00017377
801.51,0.30113,-0.00016143
801.62,0.3011,-0.00029628
801.72,0.30108,-0.00038825
801.82,0.30107,-0.00042363
801.91,0.30107,-0.00039739
802.01,0.30107,-0.00031571
802.12,0.30108,-0.00019673
802.22,0.30108,-0.00012811
802.32,0.30108,-8.5482e-05
802.41,0.30107,-5.8876e-05
802.51,0.30106,-4.8019e-05
802.62,0.30106,-4.9118e-05
802.72,0.30107,-6.2442e-05
802.82,0.30107,-9.4548e-05
802.91,0.30109,-0.00013798
803.01,0.3011,-0.00018778
803.12,0.30112,-0.00021457
803.22,0.30109,-0.00032831
803.32,0.30108,-0.00040445
803.41,0.30107,-0.00042252
803.51,0.30107,-0.00037874
803.62,0.30107,-0.00028093
803.72,0.30108,-0.00016772
803.82,0.3011,-8.4876e-05
803.91,0.30107,-7.687e-05
804.01,0.30107,-5.4483e-05
804.12,0.30106,-4.708e-05
804.22,0.30106,-5.1655e-05
804.32,0.30107,-6.8769e-05
804.41,0.30108,-0.00010639
804.51,0.30109,-0.00015332
804.62,0.30137,-0.00028023
804.72,0.30111,-0.00025054
804.82,0.30109,-0.0003569
804.91,0.30108,-0.00041583
805.01,0.30107,-0.00041583
805.12,0.30107,-0.0003555
805.22,0.30108,-0.00024504
805.32,0.30108,-0.00014498
805.41,0.30109,-9.2086e-05
805.51,0.30107,-6.6244e-05
805.62,0.30107,-5.0873e-05
805.72,0.30106,-4.7166e-05
805.82,0.30107,-5.5509e-05
805.91,0.30107,-7.7135e-05
806.01,0.30108,-0.00011843
806.12,0.30109,-0.00016796
806.22,0.30114,-1.369e-05
806.32,0.3011,-0.00028377
806.41,0.30108,-0.00038034
806.51,0.30107,-0.0004225
806.62,0.30107,-0.00040376
806.72,0.30107,-0.00032747
806.82,0.30108,-0.00021005
806.91,0.30108,-0.00012969
807.01,0.30108,-8.8426e-05
807.12,0.30107,-6.0583e-05
807.22,0.30106,-4.8583e-05
807.32,0.30106,-4.8283e-05
807.41,0.30107,-6.0274e-05
807.51,0.30107,-8.9638e-05
807.62,0.30108,-0.0001319
807.72,0.3011,-0.00018204
807.82,0.30113,-0.00020005
807.91,0.30109,-0.00031624
808.01,0.30108,-0.00039848
808.12,0.30107,-0.00042368
808.22,0.30107,-0.00038647
808.32,0.30107,-0.00029533
808.41,0.30108,-0.00017847
808.51,0.30115,9.7272e-05
808.62,0.30107,-8.0505e-05
808.72,0.30107,-5.6131e-05
808.82,0.30106,-4.7236e-05
808.91,0.30106,-5.0419e-05
809.01,0.30107,-6.5985e-05
809.12,0.30108,-0.00010165
809.22,0.30109,-0.00014676
809.32,0.32854,-0.36208
809.41,0.34525,-0.38593
809.51,0.3521,-0.37167
809.62,0.36001,-0.33385
809.72,0.30011,0.00058519
809.82,0.29958,0.0002319
809.91,0.29957,0.00022644
810.01,0.29957,0.00022363
810.12,0.29957,0.00021726
810.22,0.29957,0.00020431
810.32,0.29956,0.00018244
810.41,0.29955,0.00014847
810.51,0.29953,0.00010248
810.62,0.29953,7.9253e-05
810.72,0.29952,8.1626e-05
810.82,0.29953,0.0001112
810.91,0.29954,0.00015951
811.01,0.29955,0.00019143
811.12,0.29956,0.00021047
811.22,0.29956,0.00021967
811.32,0.29957,0.00022455
811.41,0.29957,0.00022697
811.51,0.29957,0.00022546
811.62,0.29957,0.00022226
811.72,0.29957,0.00021418
811.82,0.29956,0.00019954
811.91,0.29955,0.0001741
812.01,0.29954,0.00013484
812.12,0.29953,9.3214e-05
812.22,0.29952,7.799e-05
812.32,0.29952,8.7141e-05
812.41,0.29953,0.00012477
812.51,0.29954,0.00016957
812.62,0.29955,0.00019785
812.72,0.29956,0.00021369
812.82,0.29957,0.00022215
812.91,0.29957,0.00022547
813.01,0.29957,0.00022715
813.12,0.29957,0.00022422
813.22,0.29957,0.00021998
813.32,0.29957,0.00021091
813.41,0.29956,0.00019306
813.51,0.29955,0.00016464
813.62,0.29954,0.00012122
813.72,0.29953,8.5649e-05
813.82,0.29952,7.8107e-05
813.91,0.29953,9.496e-05
814.01,0.29953,0.00014033
814.12,0.29955,0.00017942
814.22,0.29955,0.00020329
814.32,0.29956,0.00021727
814.41,0.29957,0.00022377
814.51,0.29957,0.0002264
814.62,0.29957,0.00022651
814.72,0.29957,0.00022368
814.82,0.29957,0.00021843
814.91,0.29957,0.00020654
815.01,0.29956,0.00018562
815.12,0.29955,0.00015373
815.22,0.3186,-0.28424
815.32,0.32939,-0.27769
815.41,0.26032,-0.38131
815.51,0.16055,0.027855
815.62,0.11963,-0.085641
815.72,0.031078,-0.71615
815.82,0.082876,-0.31941
815.91,0.10668,-0.095132
816.01,0.21936,0.050789
816.12,0.29785,-0.0029109
816.22,0.30191,-0.00098648
816.32,0.30208,-0.00097222
816.41,0.30209,-0.0010004
816.51,0.30209,-0.0010253
816.62,0.3021,-0.0010422
816.72,0.30216,-0.00089993
816.82,0.30177,-0.00035114
816.91,0.30162,-2.619e-05
817.01,0.30161,-1.4874e-05
817.12,0.30719,-0.1927
817.22,0.22257,-0.40331
817.32,0.14868,-0.015352
817.41,0.12582,-0.0913
817.51,0.083794,-0.3028
817.62,0.082873,-0.30996
817.72,0.10262,-0.11549
817.82,0.039709,-0.42295
817.91,0.053684,-0.33136
818.01,0.096474,-0.15487
818.12,0.08236,-0.1071
818.22,0.078345,-0.17973
818.32,0.088372,-0.13373
818.41,0.018849,-0.54964
818.51,0.074454,-0.14302
818.62,0.077311,-0.14067
818.72,0.076026,-0.15517
818.82,0.027604,-0.45239
818.91,0.063886,-0.14325
819.01,0.17868,-0.14836
819.12,0.29197,-0.017862
819.22,0.2991,-0.00042311
819.32,0.29956,0.00018363
819.41,0.29957,0.00021726
819.51,0.29958,0.000231
819.62,0.29958,0.00023742
819.72,0.29958,0.00023964
819.82,0.29847,-0.25548
819.91,0.21592,-0.38207
820.01,0.1403,-0.0091058
820.12,0.11472,-0.070576
820.22,0.10335,-0.11108
820.32,0.080745,-0.24535
820.41,0.065928,-0.27529
820.51,0.075382,-0.12648
820.62,0.045547,-0.33738
820.72,0.091088,-0.18274
820.82,0.017468,-0.33761
820.91,0.053364,-0.28125
821.01,0.05404,-0.20607
821.12,0.00040905,-0.63469
821.22,0.064231,-0.22745
821.32,0.035545,-0.37685
821.41,0.067632,-0.20425
821.51,0.020176,-0.63363
821.62,0.083867,-0.22273
821.72,0.077675,-0.23735
821.82,0.042162,-0.32975
821.91,0.074142,-0.16605
822.01,0.070655,-0.24314
822.12,0.067961,-0.24976
822.22,0.02269,-0.69961
822.32,0.075081,-0.2023
822.41,0.081522,-0.14184
822.51,0.073675,-0.27686
822.62,0.086555,-0.16283
822.72,0.024303,-0.49038
822.82,0.066416,-0.29994
822.91,0.075653,-0.132
823.01,0.014379,-0.37539
823.12,0.097405,-0.16398
823.22,0.021712,-0.50754
823.32,0.081569,-0.16122
823.41,0.016953,-0.39523
823.51,0.091319,-0.13365
823.62,0.029137,-0.52118
823.72,0.089784,-0.15146
823.82,0.025434,-0.28215
823.91,0.17258,0.010576
824.01,0.27388,-0.0018328
824.12,0.29916,-0.00017134
824.22,0.29957,0.00020007
824.32,0.29956,0.00017734
824.41,0.29955,0.00012629
824.51,0.29954,9.4264e-05
824.62,0.29953,8.2721e-05
824.72,0.29953,9.3516e-05
824.82,0.29954,0.00012546
824.91,0.29955,0.00018017
825.01,0.29956,0.00020911
825.12,0.29957,0.00022539
825.22,0.29958,0.0002329
825.32,0.29958,0.00023662
825.41,0.29959,0.0002371
825.51,0.29959,0.00023415
825.62,0.29958,0.00022919
825.72,0.29958,0.00021883
825.82,0.29957,0.00019912
825.91,0.29956,0.00016443
826.01,0.29955,0.00011449
826.12,0.29954,8.8561e-05
826.22,0.29953,8.3763e-05
826.32,0.29954,0.00010011
826.41,0.29954,0.00014075
826.51,0.29956,0.0001901
826.62,0.29957,0.00021411
826.72,0.29957,0.00022825
826.82,0.29958,0.00023415
826.91,0.29958,0.00023679
827.01,0.29959,0.00023679
827.12,0.29959,0.00023332
827.22,0.29958,0.00022682
827.32,0.29958,0.00021364
827.41,0.29957,0.00019071
827.51,0.29956,0.00014813
827.62,0.29954,0.00010448
827.72,0.29954,8.4916e-05
827.82,0.29953,8.6056e-05
827.91,0.29954,0.00010897
828.01,0.29955,0.00015703
828.12,0.32914,0.16035
828.22,0.33199,0.12357
828.32,0.25845,0.5697
828.41,0.2758,0.15447
828.51,0.045793,0.82551
828.62,0.14473,0.026782
828.72,0.12167,0.069183
828.82,0.10578,0.073875
828.91,0.0085834,0.0087633
829.01,0.13397,0.15575
829.12,0.24461,0.054764
829.22,0.30014,-0.0017173
829.32,0.302,-0.0007741
829.41,0.30206,-0.00093594
829.51,0.30207,-0.00097139
829.62,0.30208,-0.0010048
829.72,0.30209,-0.0010288
829.82,0.30209,-0.0010432
829.91,0.23196,0.084089
830.01,0.033067,0.9088
830.12,0.13431,0.062449
830.22,0.11046,0.076572
830.32,0.10675,0.089729
830.41,0.10367,0.16047
830.51,0.090759,0.16445
830.62,0.082973,0.21992
830.72,0.19254,0.18618
830.82,0.28738,0.011098
830.91,0.29791,0.0010391
831.01,0.29829,0.0009371
831.12,0.29831,0.00093372
831.22,0.29831,0.00093358
831.32,0.29831,0.0009335
831.41,0.29831,0.00093336
831.51,0.29831,0.00093321
831.62,0.29831,0.00093304
831.72,0.29831,0.00093291
831.82,0.29831,0.00093281
831.91,0.29831,0.00093278
832.01,0.29831,0.00093281
832.12,0.29831,0.00093291
832.22,0.29831,0.00093304
832.32,0.29831,0.0009332
832.41,0.29831,0.00093336
832.51,0.29831,0.0009335
832.62,0.29831,0.00093358
832.72,0.29831,0.0009336
832.82,0.29831,0.00093356
832.91,0.29831,0.00093346
833.01,0.29831,0.00093332
833.12,0.29831,0.00093316
833.22,0.29831,0.000933
833.32,0.29831,0.00093288
833.41,0.29831,0.0009328
833.51,0.29831,0.00093279
833.62,0.29831,0.00093284
833.72,0.29831,0.00093295
833.82,0.29831,0.00093309
833.91,0.29831,0.00093326
834.01,0.29831,0.00093341
834.12,0.29831,0.00093353
834.22,0.29831,0.0009336
834.32,0.29831,0.0009336
834.41,0.29831,0.00093354
834.51,0.29831,0.00093343
834.62,0.29831,0.00093328
834.72,0.29831,0.00093311
834.82,0.29831,0.00093297
834.91,0.29831,0.00093285
835.01,0.29831,0.00093279
835.12,0.29831,0.0009328
835.22,0.29831,0.00093287
835.32,0.29831,0.00093299
835.41,0.29831,0.00093314
835.51,0.29831,0.00093331
835.62,0.29831,0.00093345
835.72,0.29831,0.00093356
835.82,0.29831,0.00093361
835.91,0.29831,0.00093359
836.01,0.29831,0.00093352
836.12,0.29831,0.00093339
836.22,0.29831,0.00093323
836.32,0.29831,0.00093307
836.41,0.29831,0.00093293
836.51,0.29831,0.00093283
836.62,0.32825,-0.36384
836.72,0.33242,-0.34408
836.82,0.33934,-0.34674
836.91,0.34615,-0.33289
837.01,0.36506,-0.31818
837.12,0.35871,-0.29795
837.22,0.19421,-0.44875
837.32,0.17894,0.08571
837.41,0.014944,-0.90312
837.51,0.1006,-0.27118
837.62,0.11761,-0.22031
837.72,0.033211,-0.56643
837.82,0.097775,-0.091197
837.91,0.090003,-0.17933
838.01,0.095627,-0.1146
838.12,0.041287,-0.31729
838.22,0.15629,-0.040493
838.32,0.18019,-0.1276
838.41,0.18174,-0.13719
838.51,0.1825,-0.1449
838.62,0.18616,-0.15905
838.72,0.29323,-0.0017575
838.82,0.17613,0.086623
838.91,0.013066,-0.84549
839.01,0.083075,-0.25415
839.12,0.11894,-0.11767
839.22,0.095982,-0.10461
839.32,0.10471,-0.13723
839.41,0.083393,-0.13388
839.51,0.086513,-0.15688
839.62,0.10086,-0.14342
839.72,0.038417,-0.45047
839.82,0.061665,-0.20773
839.91,0.073428,-0.13565
840.01,0.080946,-0.14243
840.12,0.011105,-0.43865
840.22,0.0075588,-0.60506
840.32,0.069884,-0.14779
840.41,0.0064927,-0.64208
840.51,0.063228,-0.16036
840.62,0.14999,-0.53103
840.72,0.26504,-0.0154
840.82,0.29133,-0.00010801
840.91,0.29277,0.00070771
841.01,0.29285,0.00076971
841.12,0.29285,0.00078241
841.22,0.29285,0.00078556
841.32,0.29295,0.00088302
841.41,0.29285,0.00074223
841.51,0.29283,0.00067855
841.62,0.29283,0.00063043
841.72,0.29284,0.00061167
841.82,0.29286,0.00062612
841.91,0.29288,0.00064606
842.01,0.2929,0.00065042
842.12,0.29291,0.00066529
842.22,0.29289,0.0006876
842.32,0.29288,0.00071849
842.41,0.29286,0.00073946
842.51,0.29285,0.00076141
842.62,0.29285,0.00077601
842.72,0.29285,0.00078419
842.82,0.29285,0.00078509
842.91,0.29289,0.00079843
843.01,0.29284,0.00072261
843.12,0.29283,0.00066205
843.22,0.29283,0.00062125
843.32,0.29284,0.00061398
843.41,0.29286,0.00063292
843.51,0.29289,0.00064975
843.62,0.29293,0.00073256
843.72,0.2929,0.00066962
843.82,0.29289,0.00069913
843.91,0.29287,0.00072572
844.01,0.29286,0.00074691
844.12,0.29285,0.00076643
844.22,0.29285,0.00077929
844.32,0.29285,0.0007852
844.41,0.29285,0.00078399
844.51,0.29286,0.00077175
844.62,0.29284,0.00070374
844.72,0.29283,0.00064771
844.82,0.29283,0.00061508
844.91,0.29285,0.00061809
845.01,0.29287,0.00063951
845.12,0.29289,0.00065213
845.22,0.29293,0.00066749
845.32,0.2929,0.00067594
845.41,0.29288,0.00070739
845.51,0.29287,0.00073179
845.62,0.29286,0.00075317
845.72,0.25697,-0.38964
845.82,0.17018,0.066512
845.91,0.044971,-0.35174
846.01,0.11526,-0.069514
846.12,0.10399,-0.1257
846.22,0.10475,-0.15354
846.32,0.10015,-0.15681
846.41,0.084327,-0.19043
846.51,0.063488,-0.25133
846.62,0.068027,-0.26571
846.72,0.071369,-0.20843
846.82,0.041445,-0.46221
846.91,0.023469,-0.43738
847.01,0.078845,-0.19186
847.12,0.018726,-0.69627
847.22,0.072763,-0.2074
847.32,0.026071,-0.47955
847.41,0.07245,-0.2238
847.51,0.076491,-0.15393
847.62,0.021139,-0.43021
847.72,0.072049,-0.135
847.82,0.043899,-0.40291
847.91,0.082025,-0.14215
848.01,0.064619,-0.32932
848.12,0.098852,-0.16405
848.22,0.073718,-0.13989
848.32,0.090224,-0.19824
848.41,0.035922,-0.43548
848.51,0.090149,-0.20063
848.62,0.087232,-0.12211
848.72,0.066993,-0.32053
848.82,0.09426,-0.14235
848.91,0.02087,-0.56731
849.01,0.090124,-0.15104
849.12,0.067647,-0.26514
849.22,0.079356,-0.15076
849.32,0.088845,-0.13285
849.41,0.15511,-0.031135
849.51,0.17785,-0.11478
849.62,0.18057,-0.12778
849.72,0.18154,-0.13588
849.82,0.18222,-0.1435
849.91,0.1865,-0.15923
850.01,0.18867,-0.17184
850.12,0.18581,-0.1683
850.22,0.1962,-0.1887
850.32,0.19114,-0.18277
850.41,0.20286,-0.21068
850.51,0.19446,-0.21072
850.62,0.20011,-0.23902
850.72,0.20647,-0.2432
850.82,0.13497,-0.021465
850.91,0.12503,-0.070531
851.01,0.11137,-0.092948
851.12,0.070308,-0.27734
851.22,0.076513,-0.1954
851.32,0.091813,-0.13358
851.41,0.086937,-0.17132
851.51,0.059452,-0.2546
851.62,0.023452,-0.59249
851.72,0.070699,-0.14536
851.82,0.012854,-0.51005
851.91,0.064816,-0.16176
852.01,0.055914,-0.17351
852.12,0.036661,-0.39319
852.22,0.011424,-0.59209
852.32,0.052581,-0.21418
852.41,0.041892,-0.22752
852.51,0.00093507,-0.47789
852.62,0.026746,-0.30899
852.72,0.054464,-0.22553
852.82,0.15169,-0.10251
852.91,0.2084,-0.25948
853.01,0.25765,-0.39213
853.12,0.28067,-0.40495
853.22,0.28892,-0.4035
853.32,0.29551,-0.40118
853.41,0.30193,-0.39758
853.51,0.30833,-0.39263
853.62,0.31467,-0.38635
853.72,0.32091,-0.37878
853.82,0.24724,-0.39926
853.91,0.15579,0.0078761
854.01,0.11602,-0.067374
854.12,0.063326,-0.40045
854.22,0.012045,-0.77741
854.32,0.036877,-0.65101
854.41,0.071414,-0.27276
854.51,0.087466,-0.12831
854.62,0.027207,-0.52765
854.72,0.078766,-0.24082
854.82,0.080655,-0.14947
854.91,0.095755,-0.12739
855.01,0.088041,-0.22451
855.12,0.084079,-0.12032
855.22,0.15873,-0.034277
855.32,0.1795,-0.10375
855.41,0.18999,-0.12548
855.51,0.2096,-0.12592
855.62,0.20275,-0.10289
855.72,0.20169,-0.1464
855.82,0.19812,-0.13152
855.91,0.20267,-0.16212
856.01,0.21006,-0.15847
856.12,0.21636,-0.1647
856.22,0.22117,-0.17056
856.32,0.22454,-0.17643
856.41,0.22649,-0.18265
856.51,0.14358,-0.0024877
856.62,0.11519,-0.093434
856.72,0.050853,-0.45982
856.82,0.060912,-0.40896
856.91,0.036805,-0.5067
857.01,0.055262,-0.35166
857.12,0.092542,-0.1223
857.22,0.092535,-0.12624
857.32,0.081602,-0.20281
857.41,0.079008,-0.11735
857.51,0.074157,-0.20137
857.62,0.013431,-0.30805
857.72,0.06573,-0.13736
857.82,-0.00051473,-0.41222
857.91,0.073198,-0.17046
858.01,0.025938,-0.43072
858.12,0.076904,-0.19991
858.22,0.055186,-0.17214
858.32,0.16911,-0.19155
858.41,0.27947,-0.014734
858.51,0.29913,-0.00035334
858.62,0.29954,0.00017941
858.72,0.29956,0.00020839
858.82,0.29956,0.00021949
858.91,0.29957,0.00022447
859.01,0.29957,0.00022656
859.12,0.29957,0.00022506
859.22,0.29957,0.00022145
859.32,0.29957,0.00021238
859.41,0.35151,0.36043
859.51,0.3619,0.34259
859.62,0.30056,0.0013538
859.72,0.29954,8.3735e-05
859.82,0.29952,6.2595e-05
859.91,0.29953,8.4874e-05
860.01,0.35588,0.34055
860.12,0.37152,0.32171
860.22,0.37758,0.30692
860.32,0.38225,0.29436
860.41,0.3867,0.2804
860.51,0.3019,0.0023443
860.62,0.2996,0.00024215
860.72,0.29956,0.00019735
860.82,0.29954,0.00015876
860.91,0.29953,9.7364e-05
861.01,0.29952,6.6788e-05
861.12,0.29952,5.863e-05
861.22,0.29953,6.565e-05
861.32,0.29953,9.32e-05
861.41,0.34231,0.24013
861.51,0.37969,0.25885
861.62,0.39687,0.23864
861.72,0.40163,0.221
861.82,0.30557,0.0056515
861.91,0.29966,0.00028496
862.01,0.29956,0.00020769
862.12,0.29955,0.00018757
862.22,0.29954,0.00015474
862.32,0.29953,0.00011081
862.41,0.29952,8.715e-05
862.51,0.29952,8.3378e-05
862.62,0.29953,9.8768e-05
862.72,0.33045,0.17429
862.82,0.36252,0.18244
862.91,0.38458,0.17623
863.01,0.30098,-4.393e-05
863.12,0.29796,-0.0011083
863.22,0.29792,-0.0011318
863.32,0.29792,-0.0011267
863.41,0.29792,-0.0011067
863.51,0.29793,-0.0029942
863.62,0.29794,-0.003267
863.72,0.32996,0.12699
863.82,0.35389,0.14653
863.91,0.38281,0.15824
864.01,0.29996,-0.0011198
864.12,0.29838,-4.6847e-05
864.22,0.29837,-4.1552e-05
864.32,0.29838,-7.4856e-05
864.41,0.29836,-0.00016013
864.51,0.32463,0.11756
864.62,0.35301,0.13305
864.72,0.37321,0.1356
864.82,0.30122,0.0018638
864.91,0.29958,0.00016439
865.01,0.29954,8.5163e-05
865.12,0.32111,0.11217
865.22,0.35581,0.11798
865.32,0.37202,0.11796
865.41,0.38356,0.13207
865.51,0.30044,-0.00015505
865.62,0.29796,-0.0010526
865.72,0.29794,-0.0010338
865.82,0.29796,-0.00099907
865.91,0.29799,-0.00095767
866.01,0.29801,-0.00092755
866.12,0.29802,-0.00091351
866.22,0.29801,-0.00091687
866.32,0.29796,-0.0030303
866.41,0.29796,-0.0031072
866.51,0.29797,-0.0031395
866.62,0.29798,-0.0031692
866.72,0.29799,-0.0031916
866.82,0.298,-0.0032062
866.91,0.29804,-0.0031935
867.01,0.29846,-0.00028935
867.12,0.29847,-0.00027666
867.22,0.29784,-0.068085
867.32,0.29965,-0.070997
867.41,0.30282,-0.10177
867.51,0.30115,-0.00027036
867.62,0.3011,-0.00029832
867.72,0.30111,-0.00023405
867.82,0.30112,-0.00018068
867.91,0.30112,-0.00013897
868.01,0.29001,-0.15434
868.12,0.28325,-0.12853
868.22,0.27059,-0.15245
868.32,0.29751,0.0011353
868.41,0.29828,0.00092969
868.51,0.29831,0.00092248
868.62,0.29831,0.00092189
868.72,0.29831,0.00092151
868.82,0.29831,0.00092118
868.91,0.29831,0.00092093
869.01,0.29831,0.00092081
869.12,0.29831,0.00092085
869.22,0.29831,0.00092102
869.32,0.29831,0.00092131
869.41,0.29831,0.00092167
869.51,0.29831,0.00092204
869.62,0.29831,0.00092236
869.72,0.29831,0.00092259
869.82,0.29831,0.00092268
869.91,0.29831,0.00092262
870.01,0.29831,0.00092243
870.12,0.29831,0.00092213
870.22,0.29831,0.00092176
870.32,0.29831,0.00092139
870.41,0.29831,0.00092108
870.51,0.29831,0.00092087
870.62,0.29831,0.00092079
870.72,0.29831,0.00092087
870.82,0.29831,0.00092108
870.91,0.29831,0.00092139
871.01,0.29831,0.00092176
871.12,0.29831,0.00092212
871.22,0.29831,0.00092242
871.32,0.29831,0.00092261
871.41,0.29831,0.00092266
871.51,0.29831,0.00092257
871.62,0.29831,0.00092234
871.72,0.29831,0.00092201
871.82,0.29831,0.00092164
871.91,0.32141,0.15399
872.01,0.33841,0.13452
872.12,0.37431,0.16311
872.22,0.39019,0.12787
872.32,0.066829,0.83435
872.41,0.19617,-0.13334
872.51,0.037523,0.86032
872.62,0.12369,0.049749
872.72,0.11436,0.082032
872.82,0.11476,0.079133
872.91,0.077472,0.31543
873.01,0.089186,0.21258
873.12,0.054014,0.4845
873.22,0.058053,0.42577
873.32,0.10631,0.13263
873.41,0.09424,0.12388
873.51,0.074995,0.34027
873.62,0.10317,0.14322
873.72,0.086815,0.17384
873.82,0.078569,0.18074
873.91,0.17841,0.4896
874.01,0.232,0.32028
874.12,0.26382,0.36908
874.22,0.27351,0.38169
874.32,0.17397,-0.043799
874.41,0.071495,0.4104
874.51,0.11967,0.059206
874.62,0.064882,0.37407
874.72,0.11311,0.12459
874.82,0.1029,0.13719
874.91,0.081659,0.18661
875.01,0.041071,0.66109
875.12,0.047681,0.52629
875.22,0.13606,-0.025958
875.32,0.25567,-0.0085799
875.41,0.29138,-6.1793e-05
875.51,0.29277,0.00070792
875.62,0.29285,0.00072596
875.72,0.29286,0.00069452
875.82,0.29288,0.00066396
875.91,0.29297,0.00068498
876.01,0.29288,0.00059881
876.12,0.29286,0.00054663
876.22,0.29284,0.0005306
876.32,0.29283,0.0005649
876.41,0.29283,0.00063638
876.51,0.29284,0.00071705
876.62,0.2948,0.0027617
876.72,0.29285,0.00077789
876.82,0.29284,0.00077862
876.91,0.29284,0.00077534
877.01,0.29285,0.00076455
877.12,0.29285,0.00074578
877.22,0.29286,0.00071977
877.32,0.29287,0.00068471
877.41,0.29288,0.00065487
877.51,0.29292,0.0006502
877.62,0.29287,0.00058141
877.72,0.29285,0.00053638
877.82,0.29283,0.00053626
877.91,0.29283,0.00058286
878.01,0.29283,0.00066094
878.12,0.29284,0.00073608
878.22,0.29289,0.00079081
878.32,0.29285,0.00077784
878.41,0.29284,0.00077837
878.51,0.29284,0.00077279
878.62,0.29285,0.00075998
878.72,0.29285,0.00073926
878.82,0.29286,0.0007111
878.91,0.29287,0.00067646
879.01,0.29246,0.00073188
879.12,0.2929,0.00062583
879.22,0.29286,0.00056539
879.32,0.29284,0.00053053
879.41,0.29283,0.00054597
879.51,0.29283,0.00060432
879.62,0.29284,0.00068568
879.72,0.29285,0.00075093
879.82,0.29287,0.00078346
879.91,0.29285,0.0007783
880.01,0.29284,0.00077756
880.12,0.29285,0.00076967
880.22,0.29285,0.00075466
880.32,0.29285,0.0007317
880.41,0.29286,0.00070003
880.51,0.29288,0.00066782
880.62,0.29302,0.00077576
880.72,0.29288,0.00060636
880.82,0.29286,0.00055204
880.91,0.29284,0.00052997
881.01,0.32087,0.38552
881.12,0.32926,0.38314
881.22,0.33535,0.37744
881.32,0.34106,0.37036
881.41,0.34744,0.36073
881.51,0.30028,0.00099643
881.62,0.29954,8.2197e-05
881.72,0.29953,8.3361e-05
881.82,0.29954,0.00013001
881.91,0.29956,0.00018043
882.01,0.29956,0.00020654
882.12,0.29957,0.00021935
882.22,0.29957,0.00022591
882.32,0.29957,0.00022759
882.41,0.29957,0.00022743
882.51,0.29957,0.00022512
882.62,0.29956,0.00021779
882.72,0.29956,0.00020071
882.82,0.29955,0.00016772
882.91,0.29953,0.00010698
883.01,0.29953,7.2611e-05
883.12,0.29952,6.1733e-05
883.22,0.29953,6.8091e-05
883.32,0.29953,9.247e-05
883.41,0.29955,0.00014781
883.51,0.29956,0.00018981
883.62,0.29957,0.00021087
883.72,0.29957,0.00022177
883.82,0.29957,0.00022687
883.91,0.29957,0.00022774
884.01,0.29957,0.0002272
884.12,0.29957,0.00022388
884.22,0.29956,0.00021397
884.32,0.29955,0.00019317
884.41,0.29954,0.00015139
884.51,0.29953,9.3652e-05
884.62,0.29952,6.8063e-05
884.72,0.29952,6.1707e-05
884.82,0.29953,7.2646e-05
884.91,0.29954,0.00010598
885.01,0.29955,0.00016404
885.12,0.29956,0.0001978
885.22,0.29957,0.00021509
885.32,0.29957,0.00022365
885.41,0.29957,0.00022682
885.51,0.29957,0.00022787
885.62,0.29957,0.00022687
885.72,0.29956,0.00022186
885.82,0.29956,0.00020935
885.91,0.29955,0.00018414
886.01,0.29954,0.00013213
886.12,0.29953,8.334e-05
886.22,0.29952,6.4298e-05
886.32,0.29953,6.3172e-05
886.41,0.29953,7.9254e-05
886.51,0.29954,0.00012195
886.62,0.29955,0.00017624
886.72,0.29956,0.00020354
886.82,0.34949,0.36428
886.91,0.35927,0.34772
887.01,0.36499,0.33664
887.12,0.37029,0.32494
887.22,0.30085,0.0015087
887.32,0.29957,0.0001944
887.41,0.29954,0.00012954
887.51,0.29953,9.5177e-05
887.62,0.29952,8.2864e-05
887.72,0.35288,0.31074
887.82,0.37778,0.30436
887.91,0.38409,0.2881
888.01,0.3887,0.27334
888.12,0.13113,0.72893
888.22,0.27668,0.045846
888.32,0.33889,-0.063116
888.41,0.30099,-0.00018768
888.51,0.30106,-4.2257e-05
888.62,0.30108,-1.5554e-05
888.72,0.30107,-3.9571e-05
888.82,0.30108,-6.2535e-05
888.91,0.30109,-9.5565e-05
889.01,0.33302,0.15855
889.12,0.36171,0.1687
889.22,0.30035,0.00093836
889.32,0.29958,0.00022059
889.41,0.29957,0.00022821
889.51,0.29958,0.00023624
889.62,0.29958,0.000239
889.72,0.29958,0.00023955
889.82,0.29958,0.00023782
889.91,0.29958,0.00023153
890.01,0.29958,0.00021893
890.12,0.29957,0.00019432
890.22,0.29956,0.00014279
890.32,0.29954,9.2919e-05
890.41,0.29954,7.2191e-05
890.51,0.29953,6.9826e-05
890.62,0.29954,8.4134e-05
890.72,0.29954,0.00012583
890.82,0.29956,0.00018756
890.91,0.29957,0.00021709
891.01,0.29957,0.00023153
891.12,0.29958,0.00023792
891.22,0.29958,0.00023943
891.32,0.29958,0.00023905
891.41,0.29958,0.00023597
891.51,0.29958,0.00022828
891.62,0.29957,0.00021247
891.72,0.29957,0.00018416
891.82,0.29955,0.00012405
891.91,0.29954,8.4404e-05
892.01,0.29954,7.0074e-05
892.12,0.29953,7.1782e-05
892.22,0.29954,9.3175e-05
892.32,0.29955,0.00014392
892.41,0.29956,0.00019868
892.51,0.29957,0.00022203
892.62,0.29958,0.00023366
892.72,0.29958,0.00023874
892.82,0.29958,0.00023968
892.91,0.29958,0.0002386
893.01,0.29958,0.00023414
893.12,0.29958,0.00022551
893.22,0.29957,0.0002063
893.32,0.29956,0.0001713
893.41,0.29955,0.00010955
893.51,0.29954,7.8158e-05
893.62,0.29953,6.9114e-05
893.72,0.29953,7.5802e-05
893.82,0.29954,0.00010435
893.91,0.29955,0.00016479
894.01,0.29956,0.00020709
894.12,0.29957,0.00022664
894.22,0.29958,0.00023527
894.32,0.29958,0.00023884
894.41,0.29958,0.00023966
894.51,0.29958,0.00023829
894.62,0.29958,0.00023251
894.72,0.29958,0.00022115
894.82,0.29957,0.00019844
894.91,0.29956,0.0001509
895.01,0.29954,9.741e-05
895.12,0.29954,7.3457e-05
895.22,0.29953,6.9373e-05
895.32,0.29954,8.1263e-05
895.41,0.29954,0.00011851
895.51,0.29956,0.00018298
895.62,0.29957,0.00021354
895.72,0.29957,0.00022943
895.82,0.29958,0.00023721
895.91,0.29958,0.0002393
896.01,0.29958,0.00023931
896.12,0.29958,0.00023671
896.22,0.29958,0.00023009
896.32,0.29958,0.00021595
896.41,0.29957,0.00018861
896.51,0.29955,0.00013202
896.62,0.29954,8.7732e-05
896.72,0.29954,7.0878e-05
896.82,0.29953,7.059e-05
896.91,0.29954,8.8975e-05
897.01,0.29955,0.00013592
897.12,0.29956,0.00019394
897.22,0.29957,0.00021986
897.32,0.29958,0.00023267
897.41,0.29958,0.00023867
897.51,0.29958,0.00023955
897.62,0.29958,0.00023861
897.72,0.29958,0.00023503
897.82,0.29958,0.00022701
897.91,0.29957,0.00020989
898.01,0.29956,0.00017729
898.12,0.29955,0.00011596
898.22,0.29954,8.0779e-05
898.32,0.29954,6.942e-05
898.41,0.29953,7.3564e-05
898.51,0.29954,9.8939e-05
898.62,0.29955,0.00015572
898.72,0.29956,0.0002028
898.82,0.29957,0.00022465
898.91,0.29958,0.00023485
899.01,0.29958,0.0002388
899.12,0.29958,0.00023971
899.22,0.29958,0.00023847
899.32,0.29958,0.00023351
899.41,0.29958,0.00022264
899.51,0.29957,0.00020182
899.62,0.29956,0.00016025
899.72,0.29955,0.0001022
899.82,0.29954,7.5233e-05
899.91,0.29953,6.9042e-05
900.01,0.29954,7.8659e-05
900.12,0.29954,0.00011212
900.22,0.29956,0.00017618
900.32,0.29957,0.00021124
900.41,0.29957,0.00022834
900.51,0.29584,-0.16328
900.62,0.29754,-0.17063
900.72,0.25839,-0.37403
900.82,0.30037,-0.1899
900.91,0.27456,-0.34423
901.01,0.26929,-0.4154
901.12,0.26855,-0.43415
901.22,0.20489,-0.3555
901.32,0.14481,-0.19452
901.41,0.12404,-0.073915
901.51,0.10366,-0.086095
901.62,0.10125,-0.1168
901.72,0.09679,-0.13038
901.82,0.093548,-0.14125
901.91,0.085561,-0.13247
902.01,0.058841,-0.29813
902.12,0.073837,-0.15966
902.22,0.03993,-0.2995
902.32,0.16799,-0.10408
902.41,0.22598,-0.31742
902.51,0.26568,-0.40475
902.62,0.27188,-0.39657
902.72,0.27837,-0.39785
902.82,0.2864,-0.40085
902.91,0.29546,-0.39726
903.01,0.2976,-0.39834
903.12,0.30544,-0.39813
903.22,0.31027,-0.39199
903.32,0.29966,0.00028559
903.41,0.29957,0.00022781
903.51,0.29957,0.00020928
903.62,0.29956,0.00017755
903.72,0.29955,0.00012059
903.82,0.29954,8.3401e-05
903.91,0.29954,7.4485e-05
904.01,0.29954,8.7556e-05
904.12,0.29955,0.00013099
904.22,0.31702,-0.38986
904.32,0.32661,-0.37007
904.41,0.33046,-0.40903
904.51,0.33599,-0.4013
904.62,0.3418,-0.39179
904.72,0.29459,0.0012765
904.82,0.29297,0.00051121
904.91,0.29286,0.00050127
905.01,0.29285,0.00056512
905.12,0.29285,0.00065557
905.22,0.29285,0.00072475
905.32,0.29287,0.00075023
905.41,0.29285,0.00075035
905.51,0.29285,0.00074637
905.62,0.29285,0.00073144
905.72,0.29286,0.00070201
905.82,0.29287,0.00066303
905.91,0.29289,0.00062196
906.01,0.2929,0.00058958
906.12,0.29298,0.00059809
906.22,0.2929,0.00052005
906.32,0.29287,0.0004736
906.41,0.29286,0.00047298
906.51,0.29285,0.00051534
906.62,0.29285,0.00058982
906.72,0.29285,0.00068105
906.82,0.29405,0.00081364
906.91,0.29286,0.00074923
907.01,0.29285,0.00075018
907.12,0.29285,0.00074303
907.22,0.29286,0.00072391
907.32,0.30223,0.34107
907.41,0.29104,0.37463
907.51,0.28538,0.38819
907.62,0.28957,0.39206
907.72,0.17074,0.0032256
907.82,0.07185,0.30747
907.91,0.11859,0.06042
908.01,0.10866,0.096636
908.12,0.10925,0.10731
908.22,0.043581,0.60696
908.32,0.09064,0.11604
908.41,0.09984,0.15437
908.51,0.07019,0.20393
908.62,0.08152,0.23816
908.72,0.061034,0.41154
908.82,0.1675,0.088996
908.91,0.29502,-0.0092738
909.01,0.30077,-0.00050983
909.12,0.30105,-7.9017e-05
909.22,0.30108,-8.6576e-05
909.32,0.32966,0.38518
909.41,0.25507,0.57401
909.51,0.15888,-0.024869
909.62,0.12534,0.040003
909.72,0.087885,0.28565
909.82,0.098868,0.17962
909.91,0.1116,0.12577
910.01,0.095138,0.25495
910.12,0.10036,0.14043
910.22,0.065142,0.50137
910.32,0.062342,0.49951
910.41,0.081252,0.2959
910.51,0.079635,0.2816
910.62,0.083013,0.26722
910.72,0.092552,0.25826
910.82,0.095957,0.24453
910.91,0.099659,0.22864
911.01,0.10305,0.21274
911.12,0.10626,0.19622
911.22,0.17104,0.068313
911.32,0.27639,-0.019354
911.41,0.29729,-0.0044554
911.51,0.29799,-0.0032293
911.62,0.29801,-0.0031874
911.72,0.298,-0.0031742
911.82,0.29794,-0.0030554
911.91,0.29784,-0.0011833
912.01,0.29796,-0.0010078
912.12,0.29798,-0.00097181
912.22,0.29796,-0.0026861
912.32,0.29792,-0.0027678
912.41,0.29788,-0.0011879
912.51,0.29799,-0.00096219
912.62,0.29797,-0.00099438
912.72,0.29794,-0.0010367
912.82,0.33719,0.16767
912.91,0.25606,0.56606
913.01,0.15759,-0.026599
913.12,0.12379,0.051612
913.22,0.074969,0.4073
913.32,0.10074,0.1978
913.41,0.10061,0.11255
913.51,0.10284,0.080669
913.62,0.10407,0.082163
913.72,0.10079,0.13813
913.82,0.095424,0.089485
913.91,0.04944,0.46334
914.01,0.06939,0.35422
914.12,0.089746,0.09481
914.22,0.10432,0.12754
914.32,0.20776,0.091242
914.41,0.29609,-0.0039605
914.51,0.29941,0.00013884
914.62,0.29958,0.0002372
914.72,0.29958,0.00023307
914.82,0.29958,0.00022172
914.91,0.29957,0.00019973
915.01,0.29956,0.00015855
915.12,0.29954,0.00010191
915.22,0.29954,7.3755e-05
915.32,0.29954,6.9878e-05
915.41,0.29954,8.7228e-05
915.51,0.29955,0.00013665
915.62,0.29956,0.00019041
915.72,0.29957,0.00021762
915.82,0.29957,0.00023149
915.91,0.29958,0.00023852
916.01,0.29958,0.00024055
916.12,0.29958,0.00024006
916.22,0.29958,0.00023789
916.32,0.31246,0.25532
916.41,0.31606,0.26217
916.51,0.31807,0.27031
916.62,0.31842,0.28024
916.72,0.31709,0.29248
916.82,0.31402,0.30766
916.91,0.30918,0.32647
917.01,0.30252,0.34975
917.12,0.29397,0.37858
917.22,0.28392,0.41495
917.32,0.28223,0.41882
917.41,0.28738,0.42233
917.51,0.29344,0.42623
917.62,0.29941,-5.0226e-05
917.72,0.29953,8.4533e-05
917.82,0.29954,8.9676e-05
917.91,0.29954,0.00011817
918.01,0.29955,0.00016939
918.12,0.29956,0.00020255
918.22,0.29957,0.00022178
918.32,0.29958,0.00023125
918.41,0.29958,0.00023634
918.51,0.29958,0.00023799
918.62,0.29959,0.00023641
918.72,0.29958,0.00023309
918.82,0.29958,0.00022475
918.91,0.29957,0.0002101
919.01,0.29957,0.00018483
919.12,0.29955,0.00014284
919.22,0.29954,0.00010047
919.32,0.29954,8.5697e-05
919.41,0.29954,9.4857e-05
919.51,0.29954,0.00013261
919.62,0.29955,0.00018079
919.72,0.29956,0.00020904
919.82,0.29957,0.00022506
919.91,0.29958,0.00023337
920.01,0.29958,0.00023706
920.12,0.29959,0.00023815
920.22,0.29959,0.00023532
920.32,0.29958,0.00023083
920.41,0.29958,0.00022143
920.51,0.29957,0.00020375
920.62,0.29956,0.00017528
920.72,0.29732,0.40163
920.82,0.30054,0.40033
920.91,0.30653,0.40065
921.01,0.31274,0.39985
921.12,0.31892,0.39775
921.22,0.32508,0.39457
921.32,0.29997,0.00046314
921.41,0.29959,0.00024303
921.51,0.29958,0.00023971
921.62,0.29958,0.0002372
921.72,0.29957,0.00022908
921.82,0.29957,0.00021226
921.91,0.29956,0.00018042
922.01,0.29955,0.00011999
922.12,0.29954,8.174e-05
922.22,0.29954,6.979e-05
922.32,0.29954,7.5337e-05
922.41,0.29955,0.0001041
922.51,0.29956,0.00016006
922.62,0.29957,0.00020219
922.72,0.29958,0.00022283
922.82,0.29958,0.00023325
922.91,0.29958,0.00023848
923.01,0.29958,0.00023998
923.12,0.29958,0.00023891
923.22,0.29958,0.00023513
923.32,0.29957,0.0002257
923.41,0.29957,0.0002044
923.51,0.29956,0.00016438
923.62,0.29954,0.00010582
923.72,0.29954,7.5583e-05
923.82,0.29954,6.9814e-05
923.91,0.29954,8.097e-05
924.01,0.29955,0.00011742
924.12,0.29956,0.00017687
924.22,0.29957,0.00021016
924.32,0.29958,0.00022715
924.41,0.29958,0.00023516
924.51,0.29958,0.00023894
924.62,0.29958,0.00024017
924.72,0.29958,0.00023879
924.82,0.29958,0.00023352
924.91,0.29957,0.00022109
925.01,0.29956,0.00019601
925.12,0.29955,0.00014485
925.22,0.29954,9.4888e-05
925.32,0.29954,7.2256e-05
925.41,0.29954,7.1234e-05
925.51,0.29954,8.878e-05
925.62,0.29955,0.00013319
925.72,0.29957,0.00018886
925.82,0.32853,0.38762
925.91,0.33676,0.38378
926.01,0.34284,0.37673
926.12,0.34852,0.36839
926.22,0.35404,0.35902
926.32,0.35939,0.34858
926.41,0.36438,0.33681
926.51,0.36949,0.3253
926.62,0.37458,0.31312
926.72,0.37944,0.30042
926.82,0.38396,0.2878
926.91,0.30138,0.0018776
927.01,0.2996,0.00024315
927.12,0.29957,0.00022737
927.22,0.29957,0.00022659
927.32,0.29957,0.00022165
927.41,0.29957,0.00021142
927.51,0.29956,0.00019123
927.62,0.29955,0.00015288
927.72,0.29954,9.5498e-05
927.82,0.29953,6.7745e-05
927.91,0.29952,5.9957e-05
928.01,0.29952,6.7843e-05
928.12,0.29953,9.9865e-05
928.22,0.29954,0.00016015
928.32,0.29955,0.0001972
928.41,0.29956,0.00021594
928.51,0.29957,0.00022353
928.62,0.29957,0.00022694
928.72,0.29957,0.00022694
928.82,0.29957,0.00022533
928.91,0.29957,0.0002197
929.01,0.29957,0.00020714
929.12,0.29956,0.00018278
929.22,0.29955,0.00013447
929.32,0.29953,8.4734e-05
929.41,0.29953,6.3695e-05
929.51,0.29952,6.0622e-05
929.62,0.29952,7.4113e-05
929.72,0.29953,0.00011538
929.82,0.29955,0.00017365
929.91,0.35594,0.29914
930.01,0.38343,0.2697
930.12,0.39575,0.24481
930.22,0.40023,0.2278
930.32,0.40386,0.21063
930.41,0.4112,0.20436
930.51,0.40968,0.18512
930.62,0.40879,0.18061
930.72,0.4161,0.16991
930.82,0.035099,1.001
930.91,0.22331,-0.15007
931.01,0.020925,0.36386
931.12,0.12706,0.041366
931.22,0.1147,0.07574
931.32,0.10591,0.077123
931.41,0.11563,0.10642
931.51,0.10661,0.083936
931.62,0.057885,0.48166
931.72,0.098012,0.088343
931.82,0.089026,0.21624
931.91,0.091382,0.24988
932.01,0.095098,0.12262
932.12,0.055186,0.42072
932.22,0.0699,0.31184
932.32,0.087475,0.1132
932.41,0.079629,0.1037
932.51,0.070898,0.26251
932.62,0.089133,0.11847
932.72,0.072077,0.2206
932.82,0.057897,0.39378
932.91,0.085615,0.1214
933.01,0.065802,0.29614
933.12,0.084097,0.12255
933.22,0.091304,0.13948
933.32,0.047801,0.56506
933.41,0.041936,0.47983
933.51,0.041582,0.45279
933.62,0.050005,0.45332
933.72,0.094444,0.16006
933.82,0.098773,0.17131
933.91,0.078272,0.1372
934.01,0.04109,0.54048
934.12,0.091567,0.17978
934.22,0.047556,0.38301
934.32,0.040011,0.39248
934.41,0.033376,0.41075
934.51,0.16828,0.087047
934.62,0.23035,0.23036
934.72,0.28038,0.30087
934.82,0.33641,0.37877
934.91,0.34966,0.36217
935.01,0.3565,0.35392
935.12,0.36207,0.34319
935.22,0.36692,0.33103
935.32,0.37192,0.31976
935.41,0.37651,0.30903
935.51,0.38134,0.29552
935.62,0.38602,0.28128
935.72,0.39045,0.26645
935.82,0.39458,0.25108
935.91,0.39838,0.23526
936.01,0.40188,0.21929
936.12,0.40529,0.20225
936.22,0.4009,0.18727
936.32,0.39915,0.17404
936.41,0.39941,0.16158
936.51,0.40026,0.15017
936.62,0.40669,0.14047
936.72,0.41411,0.13709
936.82,0.41165,0.11495
936.91,0.41585,0.10919
937.01,0.40706,0.12155
937.12,0.41715,0.12219
937.22,0.43076,0.073511
937.32,0.43896,0.061583
937.41,0.43983,0.073776
937.51,0.42793,0.082165
937.62,0.42962,0.065272
937.72,0.42623,0.1016
937.82,0.035366,1.0003
937.91,0.24045,-0.14576
938.01,0.065931,0.27768
938.12,0.1291,0.035234
938.22,0.1166,0.077985
938.32,0.10389,0.089497
938.41,0.10648,0.085032
938.51,0.095668,0.093021
938.62,0.062804,0.36908
938.72,0.047919,0.47207
938.82,0.090717,0.10555
938.91,0.080635,0.10723
939.01,0.049703,0.45736
939.12,0.088109,0.11513
939.22,0.077237,0.13328
939.32,0.048083,0.51261
939.41,0.047629,0.46077
939.51,0.044367,0.38594
939.62,0.19801,0.16283
939.72,0.29627,-0.0040869
939.82,0.30183,-0.00089289
939.91,0.30065,0.0030937
940.01,0.3007,0.0029457
940.12,0.30071,0.0028625
940.22,0.30073,0.0027638
940.32,0.30074,0.002695
940.41,0.30075,0.0026422
940.51,0.30076,0.0026072
940.62,0.30076,0.0025963
940.72,0.30159,-0.00031256
940.82,0.30214,-0.00081473
940.91,0.30208,-0.00098847
941.01,0.30207,-0.00095019
941.12,0.30207,-0.00090707
941.22,0.30205,-0.00081942
941.32,0.30204,-0.00078552
941.41,0.3005,0.0022852
941.51,0.30164,-1.3258e-05
941.62,0.30164,-2.3799e-05
941.72,0.30163,-1.6751e-05
941.82,0.30161,-1.3206e-05
941.91,0.30161,-2.2093e-05
942.01,0.30161,-3.8572e-05
942.12,0.28646,0.38442
942.22,0.28031,0.39554
942.32,0.28955,0.36982
942.41,0.29751,0.3985
942.51,0.30401,0.39987
942.62,0.31032,0.39971
942.72,0.30227,-0.00076949
942.82,0.3017,-0.00047708
942.91,0.30162,-5.1169e-05
943.01,0.30162,-3.1374e-05
943.12,0.30182,-0.00023043
943.22,0.30168,-0.00021998
943.32,0.30177,-0.00025566
943.41,0.30163,-1.1403e-05
943.51,0.30164,-3.5494e-05
943.62,0.30164,-4.7327e-05
943.72,0.30168,-0.00049627
943.82,0.30208,-0.0009848
943.91,0.30209,-0.0010102
944.01,0.30209,-0.0010272
944.12,0.30209,-0.0010329
944.22,0.30209,-0.0010275
944.32,0.3021,-0.00096487
944.41,0.30062,0.0024224
944.51,0.30074,0.0026847
944.62,0.30073,0.0027574
944.72,0.30064,0.0023445
944.82,0.30223,-0.00044063
944.91,0.30064,0.0028137
945.01,0.30071,0.0028988
945.12,0.30071,0.0028396
945.22,0.30073,0.002765
945.32,0.30214,-0.00089117
945.41,0.30208,-0.0009928
945.51,0.30209,-0.0010161
945.62,0.30209,-0.0010299
945.72,0.30209,-0.0010324
945.82,0.29104,-0.4021
945.91,0.29676,-0.40023
946.01,0.30559,-0.3937
946.12,0.3007,0.0029108
946.22,0.3007,0.0029174
946.32,0.3007,0.0029213
946.41,0.30062,0.0026239
946.51,0.30065,0.0027484
946.62,0.30073,0.0027706
946.72,0.30074,0.0026945
946.82,0.30074,0.0026553
946.91,0.30171,-0.00049628
947.01,0.30806,-0.39403
947.12,0.31498,-0.39129
947.22,0.32392,-0.37886
947.32,0.32603,-0.37657
947.41,0.29984,0.00041817
947.51,0.29954,0.00011254
947.62,0.29954,0.0001363
947.72,0.29955,0.00017841
947.82,0.29956,0.00020393
947.91,0.29957,0.00022076
948.01,0.29958,0.00022982
948.12,0.29958,0.0002343
948.22,0.32334,-0.37197
948.32,0.33864,-0.39748
948.41,0.34503,-0.38619
948.51,0.29467,0.0015165
948.62,0.29295,0.00072135
948.72,0.29287,0.00066123
948.82,0.29487,0.0027305
948.91,0.29291,0.00058233
949.01,0.29291,0.00055596
949.12,0.29291,0.00054894
949.22,0.29291,0.00055649
949.32,0.29291,0.00057867
949.41,0.2929,0.00061439
949.51,0.29288,0.00066016
949.62,0.29287,0.00070325
949.72,0.29289,0.00075223
949.82,0.29284,0.00071685
949.91,0.29283,0.00068586
950.01,0.29283,0.00066769
950.12,0.29283,0.00066591
950.22,0.29285,0.0006689
950.32,0.29287,0.00064657
950.41,0.29297,0.00064962
950.51,0.29291,0.00057174
950.62,0.29291,0.00055237
950.72,0.29291,0.00054967
950.82,0.29291,0.00056151
950.91,0.2929,0.00058763
951.01,0.29289,0.00062708
951.12,0.29288,0.00067512
951.22,0.2924,0.00075286
951.32,0.29286,0.00073948
951.41,0.29284,0.00070711
951.51,0.29283,0.00067877
951.62,0.32256,-0.32532
951.72,0.33456,-0.31662
951.82,0.29995,0.0004793
951.91,0.29957,0.00022373
952.01,0.29956,0.00021108
952.12,0.31819,-0.28722
952.22,0.33627,-0.2862
952.32,0.35451,-0.28914
952.41,0.30253,-0.00043605
952.51,0.3021,-0.00097959
952.62,0.30209,-0.0010161
952.72,0.30209,-0.0010316
952.82,0.30209,-0.001036
952.91,0.30211,-0.00097884
953.01,0.32421,-0.25987
953.12,0.32483,-0.23571
953.22,0.29975,0.00034096
953.32,0.29958,0.00023909
953.41,0.29958,0.00024092
953.51,0.29958,0.00024151
953.62,0.29958,0.00023872
953.72,0.29958,0.00023264
953.82,0.29957,0.00021971
953.91,0.29956,0.00019344
954.01,0.29955,0.00014387
954.12,0.29954,9.0224e-05
954.22,0.29954,6.9223e-05
954.32,0.29954,6.9159e-05
954.41,0.29954,9.0196e-05
954.51,0.29955,0.00014414
954.62,0.29956,0.00019402
954.72,0.29957,0.00021995
954.82,0.29958,0.00023271
954.91,0.29958,0.00023851
955.01,0.29958,0.00024149
955.12,0.29958,0.00024088
955.22,0.29958,0.00023755
955.32,0.2999,-0.17465
955.41,0.3071,-0.18712
955.51,0.32195,-0.21494
955.62,0.30748,-0.17088
955.72,0.31696,-0.15817
955.82,0.29362,0.0010469
955.91,0.29293,0.00069893
956.01,0.2929,0.00064141
956.12,0.30276,-0.158
956.22,0.28474,-0.1283
956.32,0.28538,-0.11861
956.41,0.27538,-0.12046
956.51,0.26459,-0.10813
956.62,0.25377,-0.1054
956.72,0.24229,-0.10692
956.82,0.23011,-0.11055
956.91,0.23176,-0.073689
957.01,0.22725,-0.11934
957.12,0.22133,-0.15097
957.22,0.21327,-0.16455
957.32,0.21676,-0.18088
957.41,0.19823,-0.18112
957.51,0.19715,-0.19004
957.62,0.13514,-0.021401
957.72,0.12275,-0.077561
957.82,0.10561,-0.086564
957.91,0.094935,-0.10405
958.01,0.097216,-0.11985
958.12,0.096819,-0.12073
958.22,0.056619,-0.28793
958.32,0.076592,-0.13484
958.41,0.14302,0.025071
958.51,0.20515,-0.27534
958.62,0.21824,-0.30482
958.72,0.22415,-0.31909
958.82,0.22931,-0.33085
958.91,0.23452,-0.34148
959.01,0.23989,-0.3511
959.12,0.2454,-0.35964
959.22,0.25103,-0.36705
959.32,0.25677,-0.3733
959.41,0.2626,-0.37835
959.51,0.2685,-0.38217
959.62,0.27445,-0.38475
959.72,0.28043,-0.38608
959.82,0.28643,-0.38615
959.91,0.29242,-0.38497
960.01,0.29839,-0.38255
960.12,0.31315,-0.38946
960.22,0.31758,-0.3901
960.32,0.32316,-0.38384
960.41,0.33211,-0.36842
960.51,0.32947,-0.36802
960.62,0.33285,-0.36069
960.72,0.33822,-0.35019
960.82,0.34373,-0.33834
960.91,0.34916,-0.32545
961.01,0.35449,-0.31159
961.12,0.36128,-0.28686
961.22,0.355,-0.25436
961.32,0.37518,-0.25811
961.41,0.35825,-0.22726
961.51,0.36829,-0.23786
961.62,0.36847,-0.20034
961.72,0.35878,-0.17277
961.82,0.30048,0.00088509
961.91,0.2996,0.00024548
962.01,0.29958,0.00023978
962.12,0.29958,0.00023888
962.22,0.29958,0.00023529
962.32,0.29957,0.00022734
962.41,0.29957,0.00020836
962.51,0.29956,0.00017382
962.62,0.29954,0.00011353
962.72,0.29954,7.8023e-05
962.82,0.29954,6.9751e-05
962.91,0.29954,8.0424e-05
963.01,0.29955,0.00011735
963.12,0.29956,0.00017553
963.22,0.29957,0.00020818
963.32,0.29958,0.00022603
963.41,0.29958,0.00023385
963.51,0.29958,0.00023813
963.62,0.29958,0.00023982
963.72,0.29958,0.00023877
963.82,0.29958,0.00023403
963.91,0.29957,0.00022267
964.01,0.29956,0.00020023
964.12,0.29955,0.00015465
964.22,0.29954,0.00010105
964.32,0.29954,7.3353e-05
964.41,0.29954,7.08e-05
964.51,0.29954,8.8279e-05
964.62,0.29955,0.00013221
964.72,0.29956,0.00018716
964.82,0.29957,0.00021393
964.91,0.29958,0.00022829
965.01,0.30815,-0.16419
965.12,0.30172,-0.19337
965.22,0.30472,-0.18948
965.32,0.31379,-0.18504
965.41,0.32118,-0.17497
965.51,0.32766,-0.17394
965.62,0.3327,-0.17276
965.72,0.3363,-0.17179
965.82,0.33841,-0.17156
965.91,0.33898,-0.1723
966.01,0.33859,-0.17848
966.12,0.26326,-0.38416
966.22,0.16137,0.026135
966.32,0.12106,-0.19213
966.41,0.04305,-0.3808
966.51,0.064098,-0.30171
966.62,0.024282,-0.61578
966.72,0.06886,-0.29966
966.82,0.089948,-0.14755
966.91,0.079877,-0.12561
967.01,0.014211,-0.49585
967.12,0.077274,-0.13186
967.22,0.16479,-0.25394
967.32,0.22302,-0.3283
967.41,0.29563,-0.0037191
967.51,0.29952,0.00018168
967.62,0.29958,0.00021524
967.72,0.29957,0.00019624
967.82,0.29956,0.00015788
967.91,0.29954,0.00011069
968.01,0.29954,8.8174e-05
968.12,0.29953,8.4938e-05
968.22,0.29954,0.00010133
968.32,0.29954,0.00014087
968.41,0.29956,0.0001899
968.51,0.29957,0.00021368
968.62,0.29957,0.00022705
968.72,0.29958,0.00023259
968.82,0.29958,0.00023494
968.91,0.29959,0.00023461
969.01,0.29959,0.00023149
969.12,0.29958,0.00022469
969.22,0.29958,0.00021098
969.32,0.29957,0.00018767
969.41,0.27863,-0.37282
969.51,0.31609,-0.28627
969.62,0.26054,-0.33488
969.72,0.29413,-0.32826
969.82,0.33561,-0.27422
969.91,0.32635,-0.2342
970.01,0.29982,0.00042333
970.12,0.29953,9.0467e-05
970.22,0.29954,0.00011647
970.32,0.29955,0.00016648
970.41,0.29956,0.00019573
970.51,0.29957,0.00021177
970.62,0.29957,0.00022109
970.72,0.29957,0.00022463
970.82,0.29957,0.00022625
970.91,0.29957,0.00022417
971.01,0.29956,0.0002193
971.12,0.29956,0.00020897
971.22,0.29955,0.00018738
971.32,0.29954,0.00014818
971.41,0.29953,9.9142e-05
971.51,0.29952,7.6578e-05
971.62,0.29953,7.3644e-05
971.72,0.29953,8.9597e-05
971.82,0.29954,0.00013109
971.91,0.29956,0.00017709
972.01,0.29956,0.00020132
972.12,0.29957,0.00021575
972.22,0.29957,0.00022268
972.32,0.29957,0.00022499
972.41,0.29957,0.00022592
972.51,0.29957,0.00022374
972.62,0.29956,0.00021717
972.72,0.29956,0.00020357
972.82,0.29955,0.00017828
972.91,0.29954,0.00013149
973.01,0.29953,8.9364e-05
973.12,0.29952,7.39e-05
973.22,0.29953,7.66e-05
973.32,0.29953,9.9417e-05
973.41,0.29955,0.00014588
973.51,0.29956,0.0001859
973.62,0.29957,0.00020664
973.72,0.29957,0.00021763
973.82,0.29957,0.00022345
973.91,0.29957,0.00022585
974.01,0.29957,0.00022504
974.12,0.29957,0.00022227
974.22,0.29956,0.0002147
974.32,0.29955,0.00019791
974.41,0.29954,0.00016861
974.51,0.29953,0.00011645
974.62,0.29953,8.315e-05
974.72,0.29952,7.2601e-05
974.82,0.29953,8.1145e-05
974.91,0.29954,0.00011079
975.01,0.29955,0.00016096
975.12,0.29956,0.00019253
975.22,0.29957,0.00021056
975.32,0.34054,0.3751
975.41,0.3487,0.36635
975.51,0.35458,0.35698
975.62,0.30038,0.00091268
975.72,0.29957,0.00020426
975.82,0.29955,0.00016601
975.91,0.29953,0.00012186
976.01,0.29953,9.3582e-05
976.12,0.29952,8.501e-05
976.22,0.29953,9.6118e-05
976.32,0.29954,0.00012736
976.41,0.29955,0.00017037
976.51,0.29956,0.00019552
976.62,0.29957,0.00021033
976.72,0.29957,0.00021793
976.82,0.29958,0.00022192
976.91,0.29958,0.00022271
977.01,0.29957,0.00022091
977.12,0.29957,0.00021579
977.22,0.29956,0.00020551
977.32,0.29955,0.00018628
977.41,0.29954,0.00015392
977.51,0.29953,0.00011144
977.62,0.29952,8.9029e-05
977.72,0.29952,8.6303e-05
977.82,0.29953,0.00010233
977.91,0.29954,0.00014033
978.01,0.29955,0.00017846
978.12,0.29956,0.00020053
978.22,0.29957,0.00021361
978.32,0.29957,0.00021978
978.41,0.29958,0.00022249
978.51,0.29958,0.0002223
978.62,0.29957,0.00022
978.72,0.29957,0.00021281
978.82,0.29956,0.00019996
978.91,0.29955,0.00017775
979.01,0.29954,0.00014028
979.12,0.29953,0.00010287
979.22,0.27758,-0.40656
979.32,0.25848,-0.37965
979.41,0.25685,-0.37988
979.51,0.26223,-0.38894
979.62,0.2969,-0.0051131
979.72,0.29797,-0.0032199
979.82,0.27164,-0.39728
979.91,0.26892,-0.40067
980.01,0.27403,-0.40305
980.12,0.28014,-0.40405
980.22,0.2864,-0.40373
980.32,0.29271,-0.40208
980.41,0.29907,-0.39912
980.51,0.30543,-0.39482
980.62,0.31178,-0.3892
980.72,0.30134,0.0002895
980.82,0.30106,-6.5291e-05
980.91,0.31558,-0.37087
981.01,0.33062,-0.38969
981.12,0.32932,-0.36385
981.22,0.25534,-0.39273
981.32,0.15852,0.016528
981.41,0.11593,-0.10396
981.51,0.022599,-0.43711
981.62,0.030356,-0.37983
981.72,0.038192,-0.53089
981.82,0.091712,-0.13728
981.91,0.062197,-0.2876
982.01,0.086699,-0.1379
982.12,0.098252,-0.12066
982.22,0.03119,-0.50323
982.32,0.058523,-0.32276
982.41,0.092283,-0.16293
982.51,0.092932,-0.13336
982.62,0.08904,-0.095351
982.72,0.033887,-0.52973
982.82,0.093366,-0.12838
982.91,0.057278,-0.26542
983.01,0.14802,-0.023482
983.12,0.16955,-0.10867
983.22,0.17636,-0.12707
983.32,0.2843,-0.0080769
983.41,0.29931,2.5125e-05
983.51,0.29957,0.0002243
983.62,0.29957,0.00022679
983.72,0.29957,0.0002236
983.82,0.29956,0.0002164
983.91,0.29955,0.00019988
984.01,0.29954,0.00016888
984.12,0.29953,0.00011491
984.22,0.29952,8.0571e-05
984.32,0.29952,6.9578e-05
984.41,0.29953,7.6341e-05
984.51,0.29953,0.0001055
984.62,0.29955,0.00015734
984.72,0.29956,0.00019166
984.82,0.29957,0.00021068
984.91,0.29957,0.00022064
985.01,0.29957,0.00022546
985.12,0.29957,0.0002268
985.22,0.29957,0.00022599
985.32,0.29957,0.00022222
985.41,0.29956,0.00021174
985.51,0.29955,0.00019193
985.62,0.29954,0.00015481
985.72,0.29953,0.00010238
985.82,0.29952,7.4993e-05
985.91,0.29952,6.9967e-05
986.01,0.29953,8.2668e-05
986.12,0.29954,0.00011864
986.22,0.29955,0.0001701
986.32,0.29956,0.00019919
986.41,0.29957,0.00021481
986.51,0.29957,0.00022229
986.62,0.29957,0.00022625
986.72,0.29957,0.00022711
986.82,0.29957,0.0002249
986.91,0.29956,0.00022006
987.01,0.29956,0.00020793
987.12,0.29955,0.00018378
987.22,0.29954,0.00013805
987.32,0.29953,9.1282e-05
987.41,0.32174,0.12509
987.51,0.34448,0.13307
987.62,0.37319,0.15827
987.72,0.38607,0.12734
987.82,0.4024,0.14123
987.91,0.035292,1.0007
988.01,0.2122,-0.15123
988.12,0.070254,0.60849
988.22,0.12486,0.046158
988.32,0.11504,0.074501
988.41,0.10848,0.079488
988.51,0.20896,0.048414
988.62,0.29127,-0.012518
988.72,0.29772,-0.0032513
988.82,0.29799,-0.0031928
988.91,0.29799,-0.0031836
989.01,0.29799,-0.0031749
989.12,0.1914,-0.023219
989.22,0.080302,0.24776
989.32,0.1208,0.055122
989.41,0.11363,0.079834
989.51,0.10893,0.087895
989.62,0.075567,0.29707
989.72,0.081979,0.20974
989.82,0.053225,0.4767
989.91,0.10057,0.13084
990.01,0.22023,0.10257
990.12,0.29782,-0.0071907
990.22,0.30111,-0.0017867
990.32,0.30123,-0.001608
990.41,0.30123,-0.0016022
990.51,0.30123,-0.0016021
990.62,0.30123,-0.0016022
990.72,0.30123,-0.0016023
990.82,0.30123,-0.0016023
990.91,0.30123,-0.0016022
991.01,0.30123,-0.0016021
991.12,0.30123,-0.001602
991.22,0.30123,-0.0016019
991.32,0.30594,0.35359
991.41,0.29289,0.39174
991.51,0.30105,-0.00013411
991.62,0.30104,-0.0001271
991.72,0.30104,-0.00013044
991.82,0.30104,-0.00011196
991.91,0.30105,-7.7007e-05
992.01,0.30106,-5.5358e-05
992.12,0.30137,-0.00014278
992.22,0.30109,-0.00013431
992.32,0.3011,-0.00019622
992.41,0.30111,-0.00024122
992.51,0.30112,-0.00026907
992.62,0.30113,-0.00027796
992.72,0.30113,-0.00026856
992.82,0.30112,-0.00024033
992.91,0.3011,-0.00019511
993.01,0.3011,-0.00010939
993.12,0.30106,-0.00011596
993.22,0.30104,-0.00012923
993.32,0.30104,-0.0001274
993.41,0.30104,-0.0001022
993.51,0.30105,-6.8357e-05
993.62,0.30106,-5.7116e-05
993.72,0.3011,-7.6271e-05
993.82,0.30109,-0.00015449
993.91,0.30111,-0.00021081
994.01,0.30112,-0.00025109
994.12,0.30113,-0.00027347
994.22,0.30113,-0.00027703
994.32,0.30112,-0.00026213
994.41,0.30111,-0.00022886
994.51,0.30166,0.00012627
994.62,0.30108,-0.00011601
994.72,0.30105,-0.00012044
994.82,0.30104,-0.00013107
994.91,0.30104,-0.00012234
995.01,0.30104,-9.2285e-05
995.12,0.30105,-6.0275e-05
995.22,0.30107,-6.4756e-05
995.32,0.30109,-0.00010155
995.41,0.30109,-0.0001727
995.51,0.30111,-0.00022453
995.62,0.30112,-0.00025962
995.72,0.30113,-0.00027637
995.82,0.30113,-0.00027451
995.91,0.30112,-0.00025394
996.01,0.30111,-0.00021536
996.12,0.30113,8.1426e-05
996.22,0.30107,-0.00011549
996.32,0.30105,-0.00012371
996.41,0.30104,-0.00013082
996.51,0.30104,-0.00011526
996.62,0.28481,0.39333
996.72,0.28344,0.39152
996.82,0.28895,0.39483
996.91,0.29524,0.39782
997.01,0.30161,0.39953
997.12,0.30793,0.39985
997.22,0.31419,0.39879
997.32,0.32039,0.39645
997.41,0.32657,0.39291
997.51,0.33268,0.38808
997.62,0.33869,0.38203
997.72,0.34462,0.37489
997.82,0.35045,0.36663
997.91,0.3561,0.35717
998.01,0.36137,0.34626
998.12,0.36599,0.33358
998.22,0.37091,0.32211
998.32,0.37592,0.30991
998.41,0.38067,0.29732
998.51,0.30173,0.0021222
998.62,0.29962,0.00025616
998.72,0.29959,0.00023629
998.82,0.29958,0.0002311
998.91,0.29958,0.00022059
999.01,0.29957,0.00020062
999.12,0.29956,0.00016291
999.22,0.29955,0.00010713
999.32,0.29954,7.9724e-05
999.41,0.29953,7.3422e-05
999.51,0.29953,8.3376e-05
999.62,0.35652,0.31188
999.72,0.38307,0.27858
999.82,0.39303,0.25579
999.91,0.3975,0.23961
1000,0.40118,0.22377
1000.1,0.40468,0.20689
1000.2,0.40842,0.19569
1000.3,0.41362,0.19235
1000.4,0.41249,0.17053
1000.5,0.41567,0.15448
1000.6,0.40427,0.14102
1000.7,0.41164,0.13382
1000.8,0.41044,0.1378
1000.9,0.42044,0.11542
1001,0.40642,0.12282
1001.1,0.41951,0.11597
1001.2,0.42644,0.10577
1001.3,0.43739,0.075072
1001.4,0.43395,0.086789
1001.5,0.43064,0.071581
1001.6,0.4298,0.063584
1001.7,0.42097,0.088479
1001.8,0.41828,0.094065
1001.9,0.41714,0.087347
1002,0.035104,1.0011
1002.1,0.22808,-0.16058
1002.2,0.034282,0.33043
1002.3,0.12788,0.038791
1002.4,0.12327,0.091746
1002.5,0.10354,0.077083
1002.6,0.10569,0.083816
1002.7,0.10484,0.11184
1002.8,0.19316,0.31721
1002.9,0.22832,0.30119
1003,0.24163,0.33067
1003.1,0.15682,-0.03195
1003.2,0.037365,0.91669
1003.3,0.085044,0.29876
1003.4,0.1184,0.08626
1003.5,0.11047,0.22546
1003.6,0.046516,0.56555
1003.7,0.089156,0.25484
1003.8,0.1024,0.14155
1003.9,0.10607,0.14598
1004,0.095457,0.13122
1004.1,0.090158,0.17425
1004.2,0.19963,0.13833
1004.3,0.24355,0.27685
1004.4,0.3037,0.42225
1004.5,0.30128,0.43733
1004.6,0.30863,0.43497
1004.7,0.31597,0.43138
1004.8,0.32323,0.42621
1004.9,0.33037,0.41953
1005,0.33738,0.41142
1005.1,0.34422,0.40194
1005.2,0.35087,0.39116
1005.3,0.3573,0.37916
1005.4,0.3635,0.36601
1005.5,0.36943,0.35178
1005.6,0.37507,0.33659
1005.7,0.38038,0.32062
1005.8,0.38533,0.30403
1005.9,0.38991,0.28704
1006,0.39412,0.26987
1006.1,0.39799,0.25279
1006.2,0.40156,0.23587
1006.3,0.40479,0.21909
1006.4,0.39871,0.17382
1006.5,0.40924,0.17129
1006.6,0.41083,0.15037
1006.7,0.41262,0.14054
1006.8,0.035143,1.001
1006.9,0.22266,-0.16202
1007,0.0252,0.36472
1007.1,0.13503,0.059942
1007.2,0.123,0.098312
1007.3,0.16555,0.082365
1007.4,0.21208,0.21099
1007.5,0.22502,0.23461
1007.6,0.23641,0.24526
1007.7,0.24601,0.25595
1007.8,0.25385,0.26718
1007.9,0.25992,0.27922
1008,0.26418,0.29253
1008.1,0.26655,0.30771
1008.2,0.26695,0.32559
1008.3,0.26524,0.34693
1008.4,0.26474,0.35866
1008.5,0.26915,0.3666
1008.6,0.27455,0.3749
1008.7,0.28023,0.38237
1008.8,0.286,0.38874
1008.9,0.29185,0.39393
1009,0.2978,0.398
1009.1,0.30385,0.40092
1009.2,0.30994,0.4026
1009.3,0.30335,0.39997
1009.4,0.30942,0.3999
1009.5,0.31571,0.39867
1009.6,0.32192,0.39609
1009.7,0.32808,0.39225
1009.8,0.33416,0.38709
1009.9,0.34006,0.38053
1010,0.34575,0.37264
1010.1,0.35127,0.36366
1010.2,0.35666,0.35369
1010.3,0.36182,0.34257
1010.4,0.36689,0.3311
1010.5,0.37208,0.31925
1010.6,0.37707,0.30674
1010.7,0.38178,0.29391
1010.8,0.38608,0.28146
1010.9,0.30153,0.0019962
1011,0.2996,0.00024493
1011.1,0.29957,0.00022726
1011.2,0.29957,0.00022501
1011.3,0.29957,0.00021859
1011.4,0.29957,0.00020544
1011.5,0.29956,0.00017859
1011.6,0.29954,0.0001273
1011.7,0.29953,8.069e-05
1011.8,0.29952,6.1919e-05
1011.9,0.29952,6.0616e-05
1012,0.29952,7.6234e-05
1012.1,0.29953,0.00012106
1012.2,0.29955,0.00017836
1012.3,0.29956,0.00020655
1012.4,0.29956,0.00022014
1012.5,0.29957,0.00022564
1012.6,0.29957,0.00022712
1012.7,0.29957,0.00022688
1012.8,0.29957,0.00022343
1012.9,0.29957,0.00021605
1013,0.29956,0.00019938
1013.1,0.29955,0.00016804
1013.2,0.29954,0.00010953
1013.3,0.29953,7.2597e-05
1013.4,0.29952,5.9694e-05
1013.5,0.29952,6.3391e-05
1013.6,0.29953,8.5452e-05
1013.7,0.29954,0.00014001
1013.8,0.29955,0.00018808
1013.9,0.29956,0.00021119
1014,0.29956,0.00022214
1014.1,0.29957,0.00022657
1014.2,0.29957,0.00022717
1014.3,0.29957,0.00022681
1014.4,0.29957,0.00022204
1014.5,0.29957,0.00021191
1014.6,0.29956,0.00019185
1014.7,0.29955,0.00015372
1014.8,0.29954,9.578e-05
1014.9,0.29953,6.7467e-05
1015,0.29952,5.9476e-05
1015.1,0.29952,6.7201e-05
1015.2,0.29953,9.8223e-05
1015.3,0.29954,0.00015841
1015.4,0.23096,0.085736
1015.5,0.25853,-0.03215
1015.6,0.29989,-0.0037782
1015.7,0.30118,-0.0016875
1015.8,0.30123,-0.0016171
1015.9,0.30123,-0.0016145
1016,0.30123,-0.0016142
1016.1,0.30123,-0.0016138
1016.2,0.30123,-0.0016134
1016.3,0.30123,-0.001613
1016.4,0.30123,-0.0016127
1016.5,0.30123,-0.0016126
1016.6,0.30123,-0.0016127
1016.7,0.30123,-0.0016129
1016.8,0.30123,-0.0016132
1016.9,0.27002,-0.29053
1017,0.23364,-0.32761
1017.1,0.2301,-0.33098
1017.2,0.29978,-0.0022498
1017.3,0.30161,2.6905e-05
1017.4,0.30162,-3.9543e-05
1017.5,0.30161,-5.6806e-05
1017.6,0.30161,-7.4645e-05
1017.7,0.30161,-8.5293e-05
1017.8,0.30162,-8.6028e-05
1017.9,0.30163,-7.9213e-05
1018,0.30233,-0.0010315
1018.1,0.3021,-0.00094452
1018.2,0.30209,-0.00099457
1018.3,0.30208,-0.00096031
1018.4,0.30208,-0.00093
1018.5,0.30207,-0.00090874
1018.6,0.30207,-0.00090284
1018.7,0.30152,-0.00032508
1018.8,0.3007,0.0029055
1018.9,0.30072,0.0027819
1019,0.30075,0.002668
1019.1,0.30076,0.002587
1019.2,0.29516,-0.29231
1019.3,0.21585,-0.40969
1019.4,0.14034,-0.010174
1019.5,0.12577,-0.092074
1019.6,0.050043,-0.50781
1019.7,0.044203,-0.50183
1019.8,0.070832,-0.30559
1019.9,0.091054,-0.14607
1020,0.027498,-0.46563
1020.1,0.073428,-0.15803
1020.2,0.01745,-0.55551
1020.3,0.062155,-0.17573
1020.4,0.020437,-0.55201
1020.5,0.17024,0.36567
1020.6,0.21961,-0.41512
1020.7,0.26635,-0.42727
1020.8,0.16275,0.039257
1020.9,0.033283,-0.39659
1021,0.12496,-0.096496
1021.1,0.068151,-0.26908
1021.2,0.082155,-0.18016
1021.3,0.092922,-0.17075
1021.4,0.037716,-0.43322
1021.5,0.091898,-0.18607
1021.6,0.015159,-0.66177
1021.7,0.08271,-0.18127
1021.8,0.058828,-0.32714
1021.9,0.070559,-0.17574
1022,0.098234,-0.17054
1022.1,0.018324,-0.54503
1022.2,0.083933,-0.13358
1022.3,0.065642,-0.32636
1022.4,0.085471,-0.16787
1022.5,0.065228,-0.2672
1022.6,0.16013,-0.060934
1022.7,0.17495,-0.11625
1022.8,0.17836,-0.12109
1022.9,0.17984,-0.12155
1023,0.066071,-0.42238
1023.1,0.16697,-0.064848
1023.2,0.27853,-0.0035204
1023.3,0.27818,-0.1876
1023.4,0.17299,0.072188
1023.5,0.062062,-0.27607
1023.6,0.1232,-0.076442
1023.7,0.11398,-0.092679
1023.8,0.10255,-0.08959
1023.9,0.10551,-0.098976
1024,0.16127,-0.070112
1024.1,0.26499,-0.0087539
1024.2,0.29686,-0.0048774
1024.3,0.29794,-0.0031789
1024.4,0.29792,-0.0031587
1024.5,0.29837,-5.2835e-05
1024.6,0.29837,-4.4366e-05
1024.7,0.29837,-5.0035e-05
1024.8,0.29836,-0.00032267
1024.9,0.29832,-0.00029094
1025,0.29842,-0.00016605
1025.1,0.29845,-0.00021347
1025.2,0.29846,-0.00024878
1025.3,0.29794,-0.0033484
1025.4,0.29803,-0.0031576
1025.5,0.298,-0.0031926
1025.6,0.32433,0.11949
1025.7,0.33916,0.12148
1025.8,0.36734,0.12538
1025.9,0.30039,0.00096881
1026,0.29959,0.00022892
1026.1,0.29958,0.00023242
1026.2,0.29958,0.00023801
1026.3,0.29958,0.00024085
1026.4,0.29958,0.00024054
1026.5,0.29958,0.00023744
1026.6,0.29958,0.00022887
1026.7,0.29957,0.00021225
1026.8,0.29956,0.00017955
1026.9,0.29955,0.00011712
1027,0.29954,7.9219e-05
1027.1,0.29954,6.7327e-05
1027.2,0.29954,7.3265e-05
1027.3,0.29954,0.00010234
1027.4,0.29956,0.0001597
1027.5,0.31655,0.10824
1027.6,0.34554,0.14529
1027.7,0.34486,0.14391
1027.8,0.37225,0.11567
1027.9,0.37619,0.11128
1028,0.38484,0.11119
1028.1,0.39806,0.15676
1028.2,0.30378,0.0037909
1028.3,0.29962,0.00020548
1028.4,0.29954,0.00011778
1028.5,0.31787,0.20998
1028.6,0.3276,0.21218
1028.7,0.33601,0.21396
1028.8,0.34309,0.21562
1028.9,0.34882,0.21745
1029,0.35317,0.21975
1029.1,0.35615,0.22283
1029.2,0.35773,0.22701
1029.3,0.35789,0.23261
1029.4,0.29897,-0.0013462
1029.5,0.29802,-0.0031207
1029.6,0.29799,-0.0031728
1029.7,0.29799,-0.0031635
1029.8,0.29788,-0.003243
1029.9,0.29791,-0.0010342
1030,0.29795,-0.0010023
1030.1,0.29798,-0.00096468
1030.2,0.29793,-0.0025701
1030.3,0.2978,-0.0014407
1030.4,0.29796,-0.00095515
1030.5,0.298,-0.00093513
1030.6,0.29798,-0.00096286
1030.7,0.29802,-0.0029639
1030.8,0.29797,-0.003128
1030.9,0.29798,-0.0031493
1031,0.29799,-0.0031675
1031.1,0.29799,-0.0031755
1031.2,0.29799,-0.0031725
1031.3,0.29798,-0.0031588
1031.4,0.2978,-0.0013433
1031.5,0.29843,-0.00013235
1031.6,0.29841,-9.3617e-05
1031.7,0.29867,-0.00049516
1031.8,0.29833,-0.00030032
1031.9,0.29834,-0.00026047
1032,0.29836,-2.3291e-06
1032.1,0.29838,-2.9567e-05
1032.2,0.2984,-6.7295e-05
1032.3,0.29793,-0.0031245
1032.4,0.29797,-0.0031325
1032.5,0.29798,-0.0031554
1032.6,0.29799,-0.003171
1032.7,0.29799,-0.0031758
1032.8,0.29799,-0.0031697
1032.9,0.29788,-0.0032877
1033,0.29789,-0.0027806
1033.1,0.29843,-0.00012469
1033.2,0.29841,-8.0319e-05
1033.3,0.29832,-0.00023622
1033.4,0.29857,-0.00054786
1033.5,0.29834,-0.0002648
1033.6,0.29837,-1.1092e-05
1033.7,0.29839,-3.8746e-05
1033.8,0.2984,-8.9263e-05
1033.9,0.29757,-0.0032283
1034,0.29797,-0.0031399
1034.1,0.29798,-0.0031613
1034.2,0.29799,-0.0031737
1034.3,0.29799,-0.0031753
1034.4,0.29799,-0.0031661
1034.5,0.29794,-0.0032253
1034.6,0.2979,-0.0010375
1034.7,0.29794,-0.0010078
1034.8,0.29797,-0.00096941
1034.9,0.29783,-0.0014155
1035,0.2978,-0.0014406
1035.1,0.29789,-0.0011777
1035.2,0.298,-0.00093215
1035.3,0.29798,-0.00095816
1035.4,0.29835,-0.00053536
1035.5,0.29796,-0.0031318
1035.6,0.29798,-0.0031465
1035.7,0.29799,-0.0031659
1035.8,0.29799,-0.0031754
1035.9,0.29799,-0.0031739
1036,0.29799,-0.0031617
1036.1,0.29786,-0.0032311
1036.2,0.29843,-0.00013568
1036.3,0.29842,-0.00010099
1036.4,0.29839,-5.592e-05
1036.5,0.29833,-0.000307
1036.6,0.29827,-0.0001999
1036.7,0.29836,3.1513e-06
1036.8,0.29838,-2.5658e-05
1036.9,0.2984,-5.9265e-05
1037,0.29801,-0.0029917
1037.1,0.29797,-0.0031295
1037.2,0.29798,-0.0031529
1037.3,0.29799,-0.0031699
1037.4,0.29799,-0.0031761
1037.5,0.29799,-0.0031716
1037.6,0.31238,-0.27043
1037.7,0.32004,-0.26288
1037.8,0.32544,-0.25213
1037.9,0.32867,-0.239
1038,0.32984,-0.22427
1038.1,0.32913,-0.20868
1038.2,0.29442,0.0012777
1038.3,0.29295,0.00066121
1038.4,0.29285,0.00065227
1038.5,0.29284,0.00069159
1038.6,0.30162,-0.1795
1038.7,0.31089,-0.21262
1038.8,0.28725,-0.13472
1038.9,0.2882,-0.13212
1039,0.2898,-0.16679
1039.1,0.27894,-0.14525
1039.2,0.27902,-0.12669
1039.3,0.28752,-0.1321
1039.4,0.29436,-0.13282
1039.5,0.2998,-0.13297
1039.6,0.30384,-0.13308
1039.7,0.30646,-0.13368
1039.8,0.30757,-0.13517
1039.9,0.30731,-0.14181
1040,0.30562,-0.15094
1040.1,0.2307,-0.3854
1040.2,0.14421,-0.00070537
1040.3,0.11573,-0.066884
1040.4,0.097548,-0.17418
1040.5,0.10242,-0.16153
1040.6,0.083506,-0.10248
1040.7,0.078659,-0.11053
1040.8,0.091104,-0.1339
1040.9,0.083246,-0.23202
1041,0.027124,-0.48704
1041.1,0.069043,-0.22896
1041.2,0.08509,-0.16364
1041.3,0.05044,-0.29467
1041.4,0.063617,-0.15751
1041.5,0.051763,-0.18798
1041.6,0.060281,-0.17826
1041.7,0.0066324,-0.47562
1041.8,0.011487,-0.30866
1041.9,-0.0098938,-0.32392
1042,0.0067937,-0.31616
1042.1,0.14519,-0.52978
1042.2,0.25931,-0.048994
1042.3,0.29096,-0.00030668
1042.4,0.2928,0.00069153
1042.5,0.29287,0.00069678
1042.6,0.29289,0.0006609
1042.7,0.2929,0.00063252
1042.8,0.2929,0.00062321
1042.9,0.2929,0.00063246
1043,0.29289,0.00066062
1043.1,0.26947,-0.39792
1043.2,0.26992,-0.4014
1043.3,0.16996,0.061544
1043.4,0.051099,-0.3303
1043.5,0.11388,-0.072666
1043.6,0.097787,-0.21612
1043.7,0.037763,-0.4599
1043.8,0.15321,-0.83031
1043.9,0.25171,0.0029239
1044,0.29649,-0.0053599
1044.1,0.29842,-0.00011179
1044.2,0.29843,-8.2608e-05
1044.3,0.29751,-0.0029613
1044.4,0.29859,-0.00054303
1044.5,0.29861,-0.00048396
1044.6,0.29838,-1.1487e-05
1044.7,0.29841,-4.7896e-05
1044.8,0.29843,-9.0569e-05
1044.9,0.29794,-0.0030912
1045,0.31379,-0.39229
1045.1,0.23298,-0.35204
1045.2,0.14617,0.003943
1045.3,0.12762,-0.085594
1045.4,0.06837,-0.38104
1045.5,0.083818,-0.24638
1045.6,0.095167,-0.16034
1045.7,0.099868,-0.16339
1045.8,0.097276,-0.13713
1045.9,0.21445,0.10942
1046,0.29651,-0.009195
1046.1,0.30106,-0.0018585
1046.2,0.30122,-0.0016056
1046.3,0.30123,-0.0015972
1046.4,0.30123,-0.0015969
1046.5,0.30123,-0.0015969
1046.6,0.32846,-0.35101
1046.7,0.34158,-0.35006
1046.8,0.35213,-0.34329
1046.9,0.36085,-0.31427
1047,0.36604,-0.29533
1047.1,0.30026,0.00075458
1047.2,0.29959,0.00023492
1047.3,0.29958,0.00023478
1047.4,0.29958,0.00023776
1047.5,0.29958,0.00023822
1047.6,0.29958,0.00023674
1047.7,0.29957,0.00023025
1047.8,0.29957,0.00021743
1047.9,0.31168,-0.25578
1048,0.31257,-0.24413
1048.1,0.30126,5.2123e-05
1048.2,0.30109,-8.0612e-05
1048.3,0.30108,-6.5795e-05
1048.4,0.30107,-5.4877e-05
1048.5,0.30107,-5.977e-05
1048.6,0.30108,-8.3034e-05
1048.7,0.30109,-0.0001175
1048.8,0.30153,-0.22561
1048.9,0.29914,-0.21391
1049,0.29523,-0.20199
1049.1,0.30097,-0.00049422
1049.2,0.30108,-0.00035497
1049.3,0.30108,-0.00029426
1049.4,0.28767,-0.13642
1049.5,0.28126,-0.12867
1049.6,0.29661,-0.17193
1049.7,0.18508,0.053274
1049.8,0.24081,-0.10054
1049.9,0.29145,-0.012573
1050,0.29781,-0.0035134
1050.1,0.29797,-0.0031496
1050.2,0.29796,-0.0031032
1050.3,0.29795,-0.0030701
1050.4,0.29794,-0.0030462
1050.5,0.29793,-0.0030118
1050.6,0.29793,-0.0030498
1050.7,0.29837,-6.1838e-05
1050.8,0.29841,-0.00012742
1050.9,0.29844,-0.00019651
1051,0.29846,-0.0002492
1051.1,0.29848,-0.00029242
1051.2,0.29849,-0.00031779
1051.3,0.29849,-0.00032006
1051.4,0.29848,-0.00031077
1051.5,0.29791,-0.0033566
1051.6,0.298,-0.0031301
1051.7,0.29797,-0.0031286
1051.8,0.29796,-0.0030924
1051.9,0.29795,-0.003062
1052,0.29794,-0.0030421
1052.1,0.29795,-0.0029707
1052.2,0.29797,-0.00091388
1052.3,0.29799,-0.00095355
1052.4,0.29796,-0.00099909
1052.5,0.29793,-0.0010387
1052.6,0.29793,-0.0010697
1052.7,0.29792,-0.0010978
1052.8,0.29792,-0.0011149
1052.9,0.29792,-0.0011141
1053,0.29805,-0.0028929
1053.1,0.29795,-0.0030391
1053.2,0.29798,-0.0031589
1053.3,0.29797,-0.0031187
1053.4,0.29796,-0.0030833
1053.5,0.29794,-0.0030552
1053.6,0.29793,-0.0030246
1053.7,0.2978,-0.0030404
1053.8,0.29799,-0.00093185
1053.9,0.29798,-0.0009657
1054,0.29795,-0.0010137
1054.1,0.29793,-0.0010477
1054.2,0.29792,-0.0010785
1054.3,0.29792,-0.0011043
1054.4,0.29792,-0.0011166
1054.5,0.29792,-0.0011114
1054.6,0.29841,-0.00066912
1054.7,0.29763,-0.0033004
1054.8,0.29242,-0.1141
1054.9,0.19045,-0.0054995
1055,0.13232,-0.18761
1055.1,0.12732,-0.089017
1055.2,0.10099,-0.10061
1055.3,0.072982,-0.35007
1055.4,0.019716,-0.56682
1055.5,0.10253,-0.14752
1055.6,0.086653,-0.10525
1055.7,0.075775,-0.19259
1055.8,0.079037,-0.11972
1055.9,0.012281,-0.54158
1056,0.079791,-0.15444
1056.1,0.014035,-0.4915
1056.2,0.07754,-0.14698
1056.3,0.028824,-0.28387
1056.4,0.06818,-0.14197
1056.5,0.056542,-0.17758
1056.6,0.043549,-0.29539
1056.7,0.055566,-0.16882
1056.8,-0.0014706,-0.45203
1056.9,0.054586,-0.1903
1057,0.044107,-0.19228
1057.1,0.043193,-0.24619
1057.2,0.10004,0.10685
1057.3,0.19771,-0.53267
1057.4,0.2351,-0.30835
1057.5,0.29794,-0.0013159
1057.6,0.29956,0.00022518
1057.7,0.29958,0.00024081
1057.8,0.29958,0.00023892
1057.9,0.29958,0.00023433
1058,0.29957,0.00022214
1058.1,0.29957,0.00019983
1058.2,0.29955,0.00015068
1058.3,0.29954,9.7776e-05
1058.4,0.29954,7.2258e-05
1058.5,0.29954,6.8686e-05
1058.6,0.29954,8.3421e-05
1058.7,0.29955,0.00012533
1058.8,0.28124,-0.39463
1058.9,0.28649,-0.39783
1059,0.28971,-0.40113
1059.1,0.29546,-0.40119
1059.2,0.30459,-0.39455
1059.3,0.30845,-0.39654
1059.4,0.31853,-0.37428
1059.5,0.32341,-0.37386
1059.6,0.31919,-0.38123
1059.7,0.32462,-0.37355
1059.8,0.33047,-0.36422
1059.9,0.29989,0.00042411
1060,0.29958,0.00023481
1060.1,0.29957,0.00022537
1060.2,0.29957,0.00021298
1060.3,0.29956,0.00019182
1060.4,0.29955,0.00016057
1060.5,0.29954,0.00011656
1060.6,0.29954,0.00010058
1060.7,0.29954,0.00011022
1060.8,0.29955,0.00014739
1060.9,0.29956,0.00018311
1061,0.29957,0.00020632
1061.1,0.29958,0.00022134
1061.2,0.29958,0.0002289
1061.3,0.29959,0.00023376
1061.4,0.29959,0.00023495
1061.5,0.29958,0.00023429
1061.6,0.29958,0.00023032
1061.7,0.29957,0.00022223
1061.8,0.29956,0.00020715
1061.9,0.29955,0.00018336
1062,0.29955,0.00014534
1062.1,0.29954,0.00010935
1062.2,0.29954,0.00010089
1062.3,0.29954,0.00011775
1062.4,0.29955,0.00016148
1062.5,0.29957,0.00019142
1062.6,0.29957,0.00021199
1062.7,0.29958,0.00022426
1062.8,0.29959,0.00023112
1062.9,0.29959,0.00023389
1063,0.18086,0.0083365
1063.1,0.098431,0.24773
1063.2,0.13106,0.073
1063.3,0.11401,0.084887
1063.4,0.10855,0.094426
1063.5,0.073728,0.3457
1063.6,0.096066,0.10717
1063.7,0.1001,0.15898
1063.8,0.09846,0.15505
1063.9,0.095732,0.16143
1064,0.059427,0.35591
1064.1,0.041803,0.55514
1064.2,0.053328,0.51564
1064.3,0.04288,0.48828
1064.4,0.19404,-0.16674
1064.5,0.28036,-0.0062657
1064.6,0.29218,0.0004018
1064.7,0.29281,0.00075683
1064.8,0.29284,0.00077234
1064.9,0.29293,0.00091851
1065,0.29285,0.00071132
1065.1,0.29283,0.0006281
1065.2,0.29283,0.00056473
1065.3,0.31266,0.43557
1065.4,0.22135,0.5671
1065.5,0.15094,-0.0022534
1065.6,0.12257,0.050574
1065.7,0.11906,0.084718
1065.8,0.063281,0.42161
1065.9,0.10662,0.11981
1066,0.087036,0.26158
1066.1,0.070706,0.33006
1066.2,0.19675,-0.14169
1066.3,0.29198,-0.0057004
1066.4,0.29768,-0.0035531
1066.5,0.29795,-0.0030225
1066.6,0.29788,-0.0025787
1066.7,0.29836,-1.7918e-05
1066.8,0.29839,-6.6464e-05
1066.9,0.29842,-0.00012848
1067,0.29846,-0.00020223
1067.1,0.29848,-0.00026309
1067.2,0.2985,-0.0003161
1067.3,0.29852,-0.0003504
1067.4,0.29852,-0.00036638
1067.5,0.29787,-0.001383
1067.6,0.29796,-0.0030175
1067.7,0.298,-0.0031358
1067.8,0.29799,-0.0031008
1067.9,0.29798,-0.0030625
1068,0.29797,-0.0030266
1068.1,0.29796,-0.0030001
1068.2,0.29822,-0.00032307
1068.3,0.29801,-0.00094352
1068.4,0.29799,-0.00097148
1068.5,0.29796,-0.0010144
1068.6,0.29793,-0.0010615
1068.7,0.29792,-0.0010932
1068.8,0.29792,-0.0011237
1068.9,0.29792,-0.0011428
1069,0.29792,-0.0011498
1069.1,0.29866,-0.00096428
1069.2,0.29802,-0.0031152
1069.3,0.29799,-0.0031268
1069.4,0.29798,-0.00309
1069.5,0.29797,-0.0030512
1069.6,0.29796,-0.0030175
1069.7,0.29781,-0.0016448
1069.8,0.29828,-5.0018e-05
1069.9,0.29838,-4.5883e-05
1070,0.29841,-0.00010008
1070.1,0.29844,-0.00016985
1070.2,0.29847,-0.00023728
1070.3,0.2985,-0.00029462
1070.4,0.31395,-0.30052
1070.5,0.32255,-0.29103
1070.6,0.32443,-0.268
1070.7,0.30874,-0.37181
1070.8,0.3383,-0.22924
1070.9,0.35204,-0.2595
1071,0.33562,-0.26965
1071.1,0.29504,-0.51471
1071.2,0.35373,-0.23553
1071.3,0.36462,-0.21921
1071.4,0.32851,-0.66828
1071.5,0.2795,-0.39046
1071.6,0.17032,0.055747
1071.7,0.12513,-0.27256
1071.8,0.1009,-0.25955
1071.9,0.10948,-0.11127
1072,0.10409,-0.12504
1072.1,0.085701,-0.16273
1072.2,0.056954,-0.38433
1072.3,0.068189,-0.30608
1072.4,0.0011845,0.0017034
1072.5,-0.00039732,0.00026886
1072.6,-0.00042096,0.00025159
1072.7,-0.00042131,0.00025133
1072.8,-0.00042131,0.00025133
1072.9,-0.00042131,0.00025133
1073,-0.00042131,0.00025133
1073.1,-0.00042131,0.00025133
1073.2,-0.00042131,0.00025133
1073.3,-0.00042131,0.00025133
1073.4,-0.00042131,0.00025133
1073.5,-0.00042131,0.00025133
1073.6,0.040028,-0.38986
1073.7,0.050929,-0.3731
1073.8,0.056605,-0.3617
1073.9,0.061414,-0.35087
1074,0.065995,-0.33944
1074.1,0.07046,-0.32722
1074.2,0.074802,-0.31421
1074.3,0.078995,-0.3005
1074.4,0.00038022,0.00040668
1074.5,-0.0016208,0.0009428
1074.6,-0.0016882,0.00096088
1074.7,-0.0016904,0.00096149
1074.8,-0.0016905,0.00096151
1074.9,-0.0016905,0.00096151
1075,-0.0016905,0.00096151
1075.1,-0.0016905,0.00096151
1075.2,-0.0016905,0.0009615
1075.3,-0.0016905,0.0009615
1075.4,-0.0016905,0.0009615
1075.5,-0.0016905,0.0009615
1075.6,-0.0016905,0.0009615
1075.7,-0.0016905,0.0009615
1075.8,-0.0016905,0.0009615
1075.9,-0.0016905,0.0009615
1076,-0.0016905,0.0009615
1076.1,-0.0016905,0.0009615
